spec,n_contraction,n_limited,n_analysable,G_short,G_short_mixed,G_long,E1_disp_diff,E1_disp_diff_lo,E1_disp_diff_hi,E3_p6h_diff,E3_p6h_diff_lo,E3_p6h_diff_hi,E4_p24h_diff,E4_p24h_diff_lo,E4_p24h_diff_hi,E5_rev_diff,E5_rev_diff_lo,E5_rev_diff_hi,E2_coef,E2_lo_wcr,E2_hi_wcr,E2_p_wcr,E2_p_cr1,E2_G,E2_Gstar,E6_rmst_diff_min,E6_lo,E6_hi,E6_p_logrank_robust
Primary,30,27,134,43,4,26,-1.0361284141451392,-1.4385637836811156,-0.46232979920971684,-1.1714013915018844,-2.0151973629567657,-0.3023624503749869,-1.0924521890621284,-2.3237057151827027,0.588995815272088,-0.47256027011374624,-0.775213221570136,-0.018334439929392987,0.9477130451516602,0.20913688324751126,1.7391739671174196,0.0098009800980098,0.015580933004745612,43,21.60036627459042,373.16666666666663,86.86630252100828,673.5941402484242,0.01669920674134238
S1 7-day minimum warm-up,38,28,163,50,3,29,-0.9645542480408902,-1.630161687395625,-0.42297323418985044,-0.9494866574313544,-1.9653886199166872,-0.0882375422741919,-0.8827322496574856,-2.1500307093260655,0.7808605356331874,-0.3706163733113263,-0.7302043496462335,0.12369994176164834,0.8022985938838563,0.16139331543047153,1.4517095083384128,0.014001400140014001,0.013673442512789982,50,31.38753351382178,347.53759398496265,91.72231884057926,654.9195463709677,0.007531236358483895
S2 trigger quantile 0.95,59,105,347,94,20,29,-1.2273216446035606,-1.4419957621159845,-0.7518723717031334,-1.2348819592476097,-2.0624515122661595,-0.7035469468521647,-1.2826457292329476,-1.9540243961464427,-0.28826585896068885,-0.4615289189979356,-0.7363293807697165,-0.22208202650894482,0.9783301621845057,0.6146841697275605,1.3336990424548305,0.0,1.968964637129503e-07,94,10.736344823417713,359.14850686037124,204.3474627224628,523.4388632201133,0.0005174794305780406
S3 legacy-aligned reference,30,27,134,43,4,26,-0.9894510626166477,-1.4426658178625655,-0.46564916893942354,-1.2149802871102815,-1.9330836470205206,-0.3593842184380618,-1.0758727578613743,-2.2221000439069942,0.5740589860260834,-0.5013463017932052,-0.7751539398606444,-0.037186200238166614,0.9468727650445499,0.23375975619188571,1.7112039590534986,0.007400740074007401,0.012916482545366188,43,21.60036627459042,291.0000000000001,-23.728076286152614,639.3452651515153,0.08517027004047174
S4 fixed-cut classification,58,27,134,55,6,29,-1.0361284141451392,-1.3753890235997084,-0.4992031082366789,-1.02565622212485,-1.8721427456946662,-0.16614453043787805,-0.948166281804438,-2.006246149453773,0.8753873771952837,-0.3722786021876512,-0.7260257519726661,0.07660902568300365,1.130859771844623,0.4880332503072108,1.7758709245826325,0.0008000800080008001,0.0006379123718397927,55,39.49304021244285,299.5114942528735,67.4340709841631,544.2830461205463,0.018129607817506627
S5a intensity = total sell notional in W,30,27,134,43,4,26,-1.0361284141451392,-1.4385637836811156,-0.46232979920971684,-1.1714013915018844,-2.0151973629567657,-0.3023624503749869,-1.0924521890621284,-2.3237057151827027,0.588995815272088,-0.47256027011374624,-0.775213221570136,-0.018334439929392987,0.1544402357054335,-0.3691940049128436,0.6973232569057152,0.5473547354735474,0.5517720504851633,43,24.924184762292345,373.16666666666663,86.86630252100828,673.5941402484242,0.01669920674134238
S5b no intensity control,30,27,134,43,4,26,-1.0361284141451392,-1.4385637836811156,-0.46232979920971684,-1.1714013915018844,-2.0151973629567657,-0.3023624503749869,-1.0924521890621284,-2.3237057151827027,0.588995815272088,-0.47256027011374624,-0.775213221570136,-0.018334439929392987,1.0674290153669843,0.4241739242706801,1.699548218570539,0.0015001500150015,0.001532560448171135,43,14.13484525637218,373.16666666666663,86.86630252100828,673.5941402484242,0.01669920674134238
S13a quiet period 60 min,31,29,156,43,5,25,-1.0414286914773656,-2.168619460425136,-0.5180610710213194,-1.3016959238837356,-2.09096998725412,-0.49626726621222317,-1.5592570191722976,-2.3667073028333503,0.5295884392838772,-0.46436636121466346,-0.7672149699767352,-0.03782944350513062,1.2736294251548514,0.11852277084566423,2.701214727945648,0.025602560256025603,0.05464661136893652,43,15.420499909913545,377.77530589543943,74.35618368700266,647.7760880144606,0.024316629632906695
S13b quiet period 180 min,30,26,127,42,4,26,-1.0517786231209862,-1.7049699219107732,-0.5483223549257207,-1.4337916487001814,-2.167258711905919,-0.4446210211299039,-1.1027314402543005,-2.4393733573397367,0.5774229953376595,-0.5176409205831642,-0.8527282440920525,-0.0661799683818888,1.0876545078934075,0.28642919482058127,1.9199357207094112,0.005900590059005901,0.008861450217935203,42,21.58923469306286,400.3333333333333,120.57018716577522,694.6348901098902,0.00982888834073752
S13c event window 1 h,24,32,134,44,3,27,-1.0948254492644744,-1.5232771433355297,-0.5745589152613749,-0.885320130623542,-1.9346250560157483,-0.06694596721863544,-0.5022289572350094,-2.144177389908158,0.7190609938579173,-0.3082861285117349,-0.7843013781469435,0.19726656561150924,0.7525226994086652,0.13941256824691522,1.3723092783659796,0.016101610161016102,0.018593332635692853,44,20.093565874399037,358.33333333333326,85.65498737373731,644.3447658668731,0.017239211262838294
S13d event window 3 h,30,23,134,39,5,24,-1.3657870359780722,-1.8439146755404974,-0.41318693513352844,-1.337591438468799,-2.0384069123537474,-0.3920194448981217,-0.8981782657450065,-2.21666912936839,0.9191640777467867,-0.3694601629992204,-0.7138165318480679,0.040122892455058616,1.5158075421927533,0.11344007996185447,3.288814645608542,0.028402840284028404,0.07939268502302335,39,18.887196622628306,297.1449275362318,8.510457215144182,591.3716374269006,0.034501061769971905
S6a recovery: close-based after trough bar (from onset),30,27,134,43,4,26,-1.0361284141451392,-1.4385637836811156,-0.46232979920971684,-1.1714013915018844,-2.0151973629567657,-0.3023624503749869,-1.0924521890621284,-2.3237057151827027,0.588995815272088,-0.47256027011374624,-0.775213221570136,-0.018334439929392987,0.9477130451516602,0.20913688324751126,1.7391739671174196,0.0098009800980098,0.015580933004745612,43,21.60036627459042,406.98148148148175,110.37689393939405,730.0256137772129,0.011980132506456444
S6b recovery: next-bar high crossing after trough (from onset),30,27,134,43,4,26,-1.0361284141451392,-1.4385637836811156,-0.46232979920971684,-1.1714013915018844,-2.0151973629567657,-0.3023624503749869,-1.0924521890621284,-2.3237057151827027,0.588995815272088,-0.47256027011374624,-0.775213221570136,-0.018334439929392987,0.9477130451516602,0.20913688324751126,1.7391739671174196,0.0098009800980098,0.015580933004745612,43,21.60036627459042,410.70370370370387,86.27762092979482,756.2421014330497,0.017306913021081574
S8 zero runs >= 12 h treated as missing,29,22,126,37,4,24,-0.9869299810881103,-1.5419524752118092,-0.457391211061042,-0.9908644430522026,-2.0149775265359735,-0.2837439403926598,-1.0477264312378651,-2.36613034089427,1.0360586190467278,-0.47545734500311365,-0.7832114731635366,0.08431933668134817,0.8486307826484817,0.09603033786826376,1.6219817341318619,0.026002600260026,0.0313612265373768,37,22.64256792447301,427.48432601880876,124.4160731939372,717.5735294117645,0.011267000624159137
S9 reinstated legacy-dropped rows (adjacent-row assumption),29,25,130,39,4,24,-0.8919480120457601,-1.396874577548618,-0.4077724623984249,-1.3016959238837356,-2.110856544975171,-0.3498738486571069,-0.5381275041419904,-2.12455470946259,1.2953804428345,-0.46436636121466346,-0.7832114731635366,0.04383859500942434,0.8852582810039153,0.1512695394067411,1.6829680570286878,0.014301430143014302,0.025672499312467654,39,20.121176385209488,380.84137931034485,84.57923964605006,689.9307107843138,0.019272041616972654
S10 exclude 10-17 Oct 2025,24,24,121,37,3,23,-0.9755774686731857,-1.5383665295972961,-0.45307582252261347,-1.0340137855768017,-1.956924399311362,-0.2620472409863923,-1.2404024879861346,-2.379794480622679,0.6663344917439274,-0.48365125390219643,-0.8283098038428562,-0.007337943831480953,0.7442908187270441,0.20432085039179188,1.2813010365904165,0.007500750075007501,0.008240481589118593,37,17.062536812449547,399.1666666666666,89.7379011387164,727.7212276214838,0.01997626723717628
S11 BTC only,17,15,69,30,1,21,-1.1960875391485735,-1.539775148437684,-0.4777027011952684,-1.565887373516627,-2.2946593633663306,-0.4809117552392381,-0.9580529683559352,-2.240131105948063,1.2402106575352663,-0.5788596332094518,-1.0,-0.0966170940480004,0.8071587160565116,0.2311158480570371,1.4091571932147784,0.007700770077007701,0.009953975217912506,30,25.638991998170436,440.1568627450978,131.86084054834046,766.3238636363636,0.01227803995617478
S11 ETH only,13,12,65,23,0,18,-1.6707879331580089,-2.6185930272136027,0.4942610053212664,-0.7156608869102735,-2.5808391005667324,1.3840350976937885,-1.0477264312378651,-5.301327497891087,1.8152610276672578,-0.22119089886123233,-0.6172368328519906,0.6054299284281162,1.1106888085048499,-0.6802532551403377,3.07653956368819,0.24792479247924792,0.22108027260056962,23,15.41255382816375,282.08333333333326,-175.9454471182413,846.1176587301588,0.2276492997756643
S12 continuous OI destroyed (all analysable events; E2 only),30,27,134,43,4,26,-1.0361284141451392,-1.4385637836811156,-0.46232979920971684,-1.1714013915018844,-2.0151973629567657,-0.3023624503749869,-1.0924521890621284,-2.3237057151827027,0.588995815272088,-0.47256027011374624,-0.775213221570136,-0.018334439929392987,0.1541977211935457,0.07886780857540715,0.22953358124517453,0.00020002000200020003,7.241981238257416e-05,66,17.148940388414896,373.16666666666663,86.86630252100828,673.5941402484242,0.01669920674134238
