E0,chain_end,n_triggers_chain,n_triggers_in_window,chain_span_min,cascade_continues,R_onset,thr_onset,notional_W,R_max_chain,reason,ref_bars,p_ref,W_bars,trough_label,disp,oi_base_n,oi_trough_n,doi,p6h,p24h,rec_min,rec_event,rec_complete,rec_trough_close_min,rec_trough_close_event,rec_trough_close_complete,rec_trough_high_min,rec_trough_high_event,rec_trough_high_complete,klass,contraction_cut,symbol,reversion,intensity,analysable,ep6,ep24,day,week,none
2025-09-01 21:45:00+00:00,2025-09-01 21:45:00+00:00,1,1,0.0,False,13748078.568449998,10718811.57335,13780394.44743,13748078.568449998,,6,108338.83333333333,27,2025-09-01 21:40:00+00:00,-0.008512622510503727,13,27,0.03403206891787567,0.018271125599751383,0.02743718357644031,5.0,True,True,65.0,True,True,65.0,True,True,limited,-0.025,BTC,1.0,13748078.568449998,True,0,0,0,0,0
2025-09-01 21:45:00+00:00,2025-09-01 21:55:00+00:00,3,3,10.0,False,22274139.411980003,13770775.234713627,22281992.685350005,22274139.411980003,,6,4270.016666666667,27,2025-09-01 21:40:00+00:00,-0.00912027275509234,13,27,-0.01874633721433119,0.023099511036247113,0.012990922432367227,5.0,True,True,30.0,True,True,30.0,True,True,intermediate,-0.025,ETH,1.0,22274139.411980003,True,0,0,0,0,1
2025-09-05 14:30:00+00:00,2025-09-05 14:30:00+00:00,1,1,0.0,False,10585136.75982,10528013.832551923,12638039.222249998,10585136.75982,,6,112824.83333333333,27,2025-09-05 15:00:00+00:00,-0.022097780444044958,13,27,-0.0035203117766224334,-0.013234413586216706,-0.017446556708360806,1320.0,False,True,1440.0,False,True,1440.0,False,True,limited,-0.025,BTC,0.4010976070774024,10585136.75982,True,1,1,1,0,2
2025-09-09 15:40:00+00:00,2025-09-09 15:50:00+00:00,3,3,10.0,False,16513212.97059,10568456.518405825,17503854.595209997,17342014.93358,,6,111563.0,27,2025-09-09 15:50:00+00:00,-0.006785967584434516,13,27,-0.021452438394475443,-0.00038999025518657586,0.020103475948206138,200.0,True,True,320.0,True,True,315.0,True,True,intermediate,-0.025,BTC,0.9425298971246008,16513212.97059,True,2,2,2,1,3
2025-09-14 14:45:00+00:00,2025-09-14 14:55:00+00:00,3,3,10.0,False,28695808.835769996,11324559.205037382,28821487.29134,28696176.729209997,,6,4624.466666666666,27,2025-09-14 16:00:00+00:00,-0.009236377293372705,13,27,-0.003358983602360339,0.00029908886225064456,-0.021997647794239475,45.0,True,True,165.0,True,True,165.0,True,True,limited,-0.025,ETH,1.0,28695808.835769996,True,3,3,3,1,4
2025-09-15 08:05:00+00:00,2025-09-15 08:15:00+00:00,3,3,10.0,False,29006608.42106,7136308.37497844,34053021.7337,29006608.42106,,6,115930.83333333333,27,2025-09-15 09:00:00+00:00,-0.010852467854735136,13,27,-0.003987079992557978,-0.011873223302331412,-0.0002099172991063752,1180.0,True,True,1300.0,True,True,1275.0,True,True,limited,-0.025,BTC,0.0,29006608.42106,True,4,3,4,2,5
2025-09-15 08:05:00+00:00,2025-09-15 09:00:00+00:00,6,6,55.0,False,35388551.32845,11324559.205037382,68789191.05084,35388551.32845,,6,4618.383333333333,27,2025-09-15 08:55:00+00:00,-0.023137992218249175,13,27,-0.011822146539305651,-0.02424657833034225,-0.02076973896997624,1320.0,False,True,1440.0,False,True,1440.0,False,True,intermediate,-0.025,ETH,0.0,35388551.32845,True,4,3,4,2,6
2025-09-16 13:50:00+00:00,2025-09-16 13:55:00+00:00,2,2,5.0,False,18591012.81264,13770775.234713627,20311833.89432,18591012.81264,,6,4506.825,27,2025-09-16 14:10:00+00:00,-0.017859466449179025,13,27,-0.011314458449143411,-0.004040926072664565,-0.0013488649100539087,95.0,True,True,215.0,True,True,215.0,True,True,intermediate,-0.025,ETH,0.7737375814577977,18591012.81264,True,5,4,5,2,7
2025-09-17 18:05:00+00:00,2025-09-17 18:15:00+00:00,3,3,10.0,False,48240493.43576,10685223.077685617,48599561.64062,48240493.43576,,6,4493.650000000001,27,2025-09-17 18:55:00+00:00,-0.01416413007669721,13,27,-0.009042224599353764,0.022161998584602213,0.024770497243240094,5.0,True,True,65.0,True,True,65.0,True,True,intermediate,-0.025,ETH,1.0,48240493.43576,True,6,5,6,2,8
2025-09-22 00:35:00+00:00,2025-09-22 02:45:00+00:00,11,9,130.0,True,22828821.17104,3894602.15707,122325634.28603,54687450.20608,,6,115336.16666666667,27,2025-09-22 02:30:00+00:00,-0.009790304237113247,13,27,-0.04124234983095554,-0.022318936902741053,-0.023623088191676495,1320.0,False,True,1440.0,False,True,1440.0,False,True,contraction,-0.025,BTC,0.0,22828821.17104,True,7,6,7,3,9
2025-09-22 00:35:00+00:00,2025-09-22 02:45:00+00:00,11,9,130.0,True,57972872.80234,7301076.3229045,130943885.65087998,57972872.80234,,6,4449.516666666667,27,2025-09-22 02:30:00+00:00,-0.03801337099558972,13,27,-0.03270826044792671,-0.06295084553568171,-0.05815152398627356,1320.0,False,True,1440.0,False,True,1440.0,False,True,contraction,-0.025,ETH,0.0,57972872.80234,True,7,6,7,3,10
2025-09-22 06:00:00+00:00,2025-09-22 06:15:00+00:00,4,4,15.0,False,185435359.18243,4476686.443884316,364094573.28992796,364094573.28992796,,6,114425.5,27,2025-09-22 06:00:00+00:00,-0.021688512460657183,13,27,-0.05265569200483738,-0.013957501133457818,-0.015243338479297614,1320.0,False,True,1440.0,False,True,1440.0,False,True,contraction,-0.025,BTC,0.35645650393144146,185435359.18243,True,7,6,7,3,11
2025-09-22 06:00:00+00:00,2025-09-22 06:15:00+00:00,4,4,15.0,False,76585846.79697,8233039.150647528,332718896.704156,332718896.70415604,,6,4288.666666666667,27,2025-09-22 06:00:00+00:00,-0.04878880399625483,13,27,-0.07677130209277855,-0.02610731948517896,-0.0251982393876437,1320.0,False,True,1440.0,False,True,1440.0,False,True,contraction,-0.025,ETH,0.4648911769351215,76585846.79697,True,7,6,7,3,12
2025-09-24 04:15:00+00:00,2025-09-24 04:25:00+00:00,3,3,10.0,False,21134012.400250003,4476686.443884316,21134012.400250003,21134012.400250003,,6,111750.83333333333,27,2025-09-24 04:10:00+00:00,-0.0060075244589428214,13,27,0.0038845177011114667,0.009650452777461311,0.004193995259247886,5.0,True,True,15.0,True,True,15.0,True,True,limited,-0.025,BTC,1.0,21134012.400250003,True,8,7,8,3,13
2025-09-24 04:15:00+00:00,2025-09-24 04:20:00+00:00,2,2,5.0,False,9059408.65453003,8047102.831997368,9059408.65453,9059408.65453003,,6,4139.400000000001,27,2025-09-24 04:10:00+00:00,-0.015373401676589285,13,27,-0.017783509317165994,0.009221974303373934,-0.023885454253873315,5.0,True,True,20.0,True,True,20.0,True,True,intermediate,-0.025,ETH,1.0,9059408.65453003,True,8,7,8,3,14
2025-09-25 02:25:00+00:00,2025-09-25 05:05:00+00:00,9,6,160.0,True,4437718.78754003,4406221.979676422,16819375.74728,47322056.91252003,,6,4098.1,27,2025-09-25 04:20:00+00:00,-0.02209387174946802,13,27,0.012156061066361495,-0.01835885414810807,-0.037871729587637445,1320.0,False,True,1440.0,False,True,1440.0,False,True,limited,-0.025,ETH,0.16905219889537393,4437718.78754003,True,9,7,9,3,15
2025-09-25 12:30:00+00:00,2025-09-25 13:55:00+00:00,10,10,85.0,False,9965317.8544,2855097.5685052094,24859932.92032,13652859.97371,,6,111400.91666666667,27,2025-09-25 13:40:00+00:00,-0.007337535909649921,13,27,-0.030182527368303673,-0.01822064874541957,-0.022196014076073748,5.0,True,True,110.0,True,True,110.0,True,True,contraction,-0.025,BTC,0.0,9965317.8544,True,10,7,9,3,16
2025-09-25 12:30:00+00:00,2025-09-25 12:40:00+00:00,3,3,10.0,False,10130811.70275003,4942142.75320043,10685318.90176,10355142.64306003,,6,4004.1666666666665,27,2025-09-25 13:40:00+00:00,-0.01500060627782758,13,27,-0.020370137449717104,-0.03151321867409016,-0.027654643358459245,5.0,True,True,110.0,True,True,110.0,True,True,intermediate,-0.025,ETH,0.0,10130811.70275003,True,10,7,9,3,17
2025-09-25 17:10:00+00:00,2025-09-25 18:10:00+00:00,12,12,60.0,False,5512025.611860029,5042171.87341,68837578.09596,42991598.56717003,,6,3956.6499999999996,27,2025-09-25 17:55:00+00:00,-0.03468927474567297,13,27,-0.04645648150477017,-0.01458783506617761,0.005620257749810177,415.0,True,True,535.0,True,True,535.0,True,True,contraction,-0.025,ETH,0.5794713157559671,5512025.611860029,True,10,7,9,3,18
2025-09-25 17:15:00+00:00,2025-09-25 18:10:00+00:00,11,11,55.0,False,12939858.5824,3573550.413770751,65734116.456819996,43051411.811620004,,6,111032.0,27,2025-09-25 17:55:00+00:00,-0.022142436512736882,13,27,-0.023803391049412464,-0.013916730107843892,-0.01348758865806437,1320.0,False,True,1440.0,False,True,1440.0,False,True,intermediate,-0.025,BTC,0.37149057196850754,12939858.5824,True,10,7,9,3,19
2025-09-30 09:50:00+00:00,2025-09-30 10:00:00+00:00,3,3,10.0,False,4521143.16509,2587051.6972844023,5357169.4562,4521143.16509,,6,113219.5,27,2025-09-30 10:00:00+00:00,-0.00493622657914663,13,27,-0.02027294729816418,-0.002122026092598868,0.027167037093953177,45.0,True,True,165.0,True,True,165.0,True,True,intermediate,-0.025,BTC,0.5701116918815097,4521143.16509,True,11,8,10,4,20
2025-10-03 17:05:00+00:00,2025-10-03 17:15:00+00:00,3,3,10.0,False,2767432.95998,1856786.57269,3466959.0563499997,2767432.95998,,6,123661.0,27,2025-10-03 18:05:00+00:00,-0.01660141028086584,13,27,-0.014934838706667246,-0.009453329173768016,-0.014543918913336642,1320.0,False,True,1440.0,False,True,1440.0,False,True,intermediate,-0.025,BTC,0.4305707157503621,2767432.95998,True,12,9,11,4,21
2025-10-05 09:30:00+00:00,2025-10-05 09:45:00+00:00,4,4,15.0,False,2491490.20397,1848758.274224812,9698706.76015,7789958.26328,,6,124688.0,27,2025-10-05 10:10:00+00:00,-0.016113016010885852,13,27,-0.02845851511906666,-0.01374002384998982,-0.005553212989732422,1320.0,False,True,1440.0,False,True,1440.0,False,True,contraction,-0.025,BTC,0.1472717559079475,2491490.20397,True,13,10,12,4,22
2025-10-05 16:55:00+00:00,2025-10-05 17:05:00+00:00,3,3,10.0,False,4193351.76857,1789946.2270564688,4193351.76857,4193351.76857,,6,123113.0,27,2025-10-05 16:50:00+00:00,-0.004840593823085481,13,27,-0.009326521401219201,0.0009864115515822575,0.017787782002154577,5.0,True,True,5.0,True,True,5.0,True,True,intermediate,-0.025,BTC,1.0,4193351.76857,True,14,10,12,4,23
2025-10-07 08:20:00+00:00,2025-10-07 08:30:00+00:00,3,3,10.0,False,2477939.3837299994,1856786.57269,3978008.5007899995,3709326.4861099995,,6,123712.0,27,2025-10-07 08:20:00+00:00,-0.002448189664513035,13,27,-0.008625282474681984,-0.005410205025283402,-0.015851007191698834,5.0,True,True,10.0,True,True,10.0,True,True,intermediate,-0.025,BTC,0.0,2477939.3837299994,True,15,11,13,5,24
2025-10-07 14:10:00+00:00,2025-10-07 18:55:00+00:00,23,14,285.0,True,3225943.82112,2064343.0837200042,43262210.1533,17479089.36491,,6,124230.0,27,2025-10-07 15:50:00+00:00,-0.022080515537076954,13,27,-0.011910033853911765,-0.01683167667522926,-0.009458581862824939,1320.0,False,True,1440.0,False,True,1440.0,False,True,intermediate,-0.025,BTC,0.23771360107213058,3225943.82112,True,15,11,13,5,25
2025-10-07 15:10:00+00:00,2025-10-07 16:35:00+00:00,8,8,85.0,False,9331809.74012003,3500834.422859829,33915157.870740004,18701351.36412003,,6,4627.7666666666655,27,2025-10-07 16:20:00+00:00,-0.03642126718588547,13,27,0.0018067015075780523,-0.02476887618566588,-0.036869572040689864,1320.0,False,True,1440.0,False,True,1440.0,False,True,limited,-0.025,ETH,0.31993370633560225,9331809.74012003,True,15,11,13,5,26
2025-10-09 02:45:00+00:00,2025-10-09 02:55:00+00:00,3,3,10.0,False,10686051.1837,3459132.520096422,11693033.920260001,11166407.94868,,6,122169.0,27,2025-10-09 02:55:00+00:00,-0.00527298607230965,13,27,-0.025510893202405533,-0.006573959927555908,-0.00799213673647358,5.0,True,True,50.0,True,True,40.0,True,True,contraction,-0.025,BTC,0.0,10686051.1837,True,16,12,14,5,27
2025-10-09 02:45:00+00:00,2025-10-09 03:05:00+00:00,5,5,20.0,False,4771512.80569003,4028553.3805,9647838.12788,7841426.60267003,,6,4457.433333333333,27,2025-10-09 02:55:00+00:00,-0.011412966055875004,13,27,-0.0028608048327811815,-0.026272590009428942,-0.01975289886760469,5.0,True,True,100.0,True,True,75.0,True,True,limited,-0.025,ETH,0.0,4771512.80569003,True,16,12,14,5,28
2025-10-09 08:20:00+00:00,2025-10-09 08:40:00+00:00,5,5,20.0,False,4479218.43648003,4306742.613458213,33561372.42238,30031448.90085003,,6,4426.549999999999,27,2025-10-09 09:00:00+00:00,-0.022457196334132498,13,27,-0.01582700998913066,-0.013807598463911603,-0.021879762434267737,1320.0,False,True,1440.0,False,True,1440.0,False,True,intermediate,-0.025,ETH,0.3851592933297041,4479218.43648003,True,16,12,14,5,29
2025-10-09 08:25:00+00:00,2025-10-09 08:40:00+00:00,4,4,15.0,False,9246748.20291,3708387.355002801,15802783.011899998,15399652.964979999,,6,121897.83333333333,27,2025-10-09 08:50:00+00:00,-0.006149687828297239,13,27,0.0014054750128132424,-0.00130796054815386,-0.005662808795738262,10.0,True,True,75.0,True,True,70.0,True,True,limited,-0.025,BTC,0.7873126921767645,9246748.20291,True,16,12,14,5,30
2025-10-09 14:50:00+00:00,2025-10-09 17:10:00+00:00,9,5,140.0,True,5829610.896059999,3794070.546718861,10895926.95022,31728549.775079995,,6,121924.83333333333,27,2025-10-09 16:40:00+00:00,-0.011460419282550508,13,27,-0.006215419829628399,-0.007601792420501191,-0.005257464164597792,460.0,True,True,580.0,True,True,580.0,True,True,intermediate,-0.025,BTC,0.33669159625986933,5829610.896059999,True,16,12,14,5,31
2025-10-10 15:05:00+00:00,2025-10-10 22:20:00+00:00,29,7,435.0,True,5831823.837109996,4192544.929222401,77343192.88379002,1726069604.5004368,,6,121242.41666666667,27,2025-10-10 17:00:00+00:00,-0.026052831905658307,13,27,-0.02597322572312275,-0.054517751831476134,-0.07985130508544341,1320.0,False,True,1440.0,False,True,1440.0,False,True,contraction,-0.025,BTC,0.0,5831823.837109996,True,17,12,15,5,32
2025-10-10 15:05:00+00:00,2025-10-10 15:45:00+00:00,8,8,40.0,False,13132533.48571003,4771512.80569003,81121937.22854,64432904.232370034,,6,4327.808333333333,27,2025-10-10 15:40:00+00:00,-0.05738463279945549,13,27,-0.01323642235546252,-0.10658783237189283,-0.12477156642611358,1320.0,False,True,1440.0,False,True,1440.0,False,True,intermediate,-0.025,ETH,0.0,13132533.48571003,True,17,12,15,5,33
2025-10-10 19:15:00+00:00,2025-10-10 22:20:00+00:00,19,11,185.0,True,8859549.60214003,5118978.515080029,595757775.7073721,1294906954.915158,,6,4068.3333333333335,27,2025-10-10 21:10:00+00:00,-0.08632932592551862,13,27,-0.032447494848526034,-0.06761411853534052,-0.0748462775966546,1320.0,False,True,1440.0,False,True,1440.0,False,True,contraction,-0.025,ETH,0.21678852683646344,8859549.60214003,True,17,12,15,5,34
2025-10-11 21:00:00+00:00,2025-10-11 21:05:00+00:00,2,2,5.0,False,7379374.138849761,6158637.653855042,7890410.22934,7379374.138849761,,6,110464.16666666667,27,2025-10-11 21:10:00+00:00,-0.007967867892242474,13,27,-0.008349919102186753,-0.004342645885128473,0.03992350187267551,5.0,True,True,25.0,True,True,20.0,True,True,intermediate,-0.025,BTC,0.45498018493046577,7379374.138849761,True,18,13,16,5,35
2025-10-11 21:10:00+00:00,2025-10-11 21:10:00+00:00,1,1,0.0,False,8467952.73688012,7858732.7015429465,8467952.73688,8467952.73688012,,6,3695.316666666666,27,2025-10-11 21:10:00+00:00,-0.01246237980367829,13,27,-0.0045568873918364295,0.01446289549658548,0.11142904878158241,5.0,True,True,15.0,True,True,15.0,True,True,limited,-0.025,ETH,1.0,8467952.73688012,True,18,13,16,5,36
2025-10-14 06:45:00+00:00,2025-10-14 06:55:00+00:00,3,3,10.0,False,6920384.220089762,6649600.249907286,12290860.63886,8142878.232839761,,6,112422.83333333333,27,2025-10-14 06:45:00+00:00,-0.008991628937219436,13,27,-0.06065570680145045,-0.014896847806081281,-0.0010264154531185762,430.0,True,True,550.0,True,True,550.0,True,True,contraction,-0.03128850961456886,BTC,0.0,6920384.220089762,True,19,14,17,6,37
2025-10-14 06:45:00+00:00,2025-10-14 06:55:00+00:00,3,3,10.0,False,9487089.59875012,7870728.373644512,19734108.89196,12773704.35593012,,6,4064.4500000000003,27,2025-10-14 08:05:00+00:00,-0.02725990531719278,13,27,-0.01669465234841526,-0.03259629342847013,0.011083766914776166,430.0,True,True,550.0,True,True,550.0,True,True,intermediate,-0.025,ETH,0.0,9487089.59875012,True,19,14,17,6,38
2025-10-15 13:50:00+00:00,2025-10-15 13:50:00+00:00,1,1,0.0,False,6796565.265869762,6649600.249907286,9077264.329380002,6796565.265869762,,6,111523.83333333333,27,2025-10-15 15:45:00+00:00,-0.009354029298930701,13,27,0.008081749444528719,-0.002561775010253299,-0.003020354500904184,190.0,True,True,310.0,True,True,310.0,True,True,limited,-0.04124234983095554,BTC,0.7261313891173993,6796565.265869762,True,20,15,18,6,39
2025-10-16 09:35:00+00:00,2025-10-16 09:50:00+00:00,4,4,15.0,False,7497175.517779762,6802577.065273757,23368979.81564,23368979.81563976,,6,110786.0,27,2025-10-16 09:40:00+00:00,-0.010393580735646932,13,27,-0.025255237108349902,-0.0067428451690288,-0.050459411732425345,5.0,True,True,15.0,True,True,15.0,True,True,intermediate,-0.04013636758469035,BTC,0.3512490699280547,7497175.517779762,True,21,15,19,6,40
2025-10-16 14:20:00+00:00,2025-10-16 16:00:00+00:00,5,5,100.0,False,7982280.511069762,6857284.1877162,61232111.46307,46283069.80216976,,6,111044.16666666667,27,2025-10-16 16:15:00+00:00,-0.02628404883130267,13,27,0.011573710794524152,-0.026080673728336324,-0.05303388244036265,1320.0,False,True,1440.0,False,True,1440.0,False,True,limited,-0.039030385338425164,BTC,0.007737586559500631,7982280.511069762,True,21,15,19,6,41
2025-10-16 20:35:00+00:00,2025-10-16 20:45:00+00:00,3,3,10.0,False,8593378.365310121,6860029.46864003,8593378.36531,8593378.365310121,,6,3868.066666666666,27,2025-10-16 20:35:00+00:00,-0.010686671584378256,13,27,-0.0265685946467075,0.010322097065130195,-0.004019546165329001,5.0,True,True,45.0,True,True,45.0,True,True,contraction,-0.025,ETH,1.0,8593378.365310121,True,21,15,19,6,42
2025-10-17 06:40:00+00:00,2025-10-17 10:35:00+00:00,17,14,235.0,True,9146252.07994976,7111160.735796098,78654549.94169,26970241.63659976,,6,108258.33333333333,27,2025-10-17 08:15:00+00:00,-0.03487883262876667,13,27,-0.06875423988889788,-0.024137805397414655,-0.01445701447476592,1320.0,False,True,1440.0,False,True,1440.0,False,True,contraction,-0.037924403092159976,BTC,0.30795260109976397,9146252.07994976,True,22,15,20,6,43
2025-10-17 08:00:00+00:00,2025-10-17 08:15:00+00:00,4,4,15.0,False,8388107.740100119,7105442.720700121,28047144.029850002,18640897.857580118,,6,3781.058333333333,27,2025-10-17 08:50:00+00:00,-0.02038817271891361,13,27,-0.05035841963811163,0.0024412188274488436,0.0270289368641004,80.0,True,True,200.0,True,True,200.0,True,True,contraction,-0.025,ETH,1.0,8388107.740100119,True,22,15,20,6,44
2025-10-21 22:35:00+00:00,2025-10-21 22:45:00+00:00,3,3,10.0,False,30127017.067979764,8547789.262922093,36326219.621690005,30127017.067979764,,6,110575.66666666667,27,2025-10-22 00:30:00+00:00,-0.02497258829397269,13,27,-0.040314380736788974,-0.019424646907990516,-0.03157766284511174,1320.0,False,True,1440.0,False,True,1440.0,False,True,intermediate,-0.04809035513528464,BTC,0.2221612481923313,30127017.067979764,True,23,16,21,7,45
2025-10-22 11:05:00+00:00,2025-10-22 11:15:00+00:00,3,3,10.0,False,29565996.350199766,7764591.228087746,29565996.3502,29565996.350199766,,6,107845.16666666667,27,2025-10-22 11:00:00+00:00,-0.01067071216865285,13,27,-0.0325820998030041,0.0022352759791383113,0.015223426535089695,5.0,True,True,10.0,True,True,10.0,True,True,intermediate,-0.04694902091789646,BTC,1.0,29565996.350199766,True,24,16,22,7,46
2025-10-22 11:05:00+00:00,2025-10-22 11:15:00+00:00,3,3,10.0,False,7090602.788220119,6316776.028454327,7090602.7882199995,7090602.788220119,,6,3833.516666666667,27,2025-10-22 11:00:00+00:00,-0.015210018335178587,13,27,-0.012239157171042089,-0.001061381896942292,0.011936595883189799,5.0,True,True,35.0,True,True,20.0,True,True,intermediate,-0.04684667531810432,ETH,0.9302182368519919,7090602.788220119,True,24,16,22,7,47
2025-10-22 21:05:00+00:00,2025-10-22 21:25:00+00:00,5,5,20.0,False,7427689.551150119,6447757.246820695,26106762.98252,26096292.04002012,,6,3786.75,27,2025-10-22 21:10:00+00:00,-0.02001813873258941,13,27,-0.04093349061034737,0.010063407663489744,0.011682989277386835,25.0,True,True,145.0,True,True,145.0,True,True,intermediate,-0.04645648150477017,ETH,1.0,7427689.551150119,True,25,16,22,7,48
2025-10-22 21:15:00+00:00,2025-10-22 21:15:00+00:00,1,1,0.0,False,8550204.195659764,7930647.370180001,8919933.53351,8550204.195659764,,6,107671.33333333333,27,2025-10-22 21:25:00+00:00,-0.00919812322814979,13,27,-0.011185258534585655,0.008030784759513309,0.01807784990898039,15.0,True,True,135.0,True,True,130.0,True,True,intermediate,-0.04580768670050828,BTC,1.0,8550204.195659764,True,25,16,22,7,49
2025-10-27 21:00:00+00:00,2025-10-27 21:10:00+00:00,3,3,10.0,False,6575584.168790119,4931185.068146957,11068364.87176,6712998.619350119,,6,4152.516666666667,27,2025-10-27 21:25:00+00:00,-0.01161846165993328,13,27,-0.05029380066554909,-0.012861757773282674,-0.04221921181047831,885.0,True,True,1005.0,True,True,990.0,True,True,contraction,-0.04590418241532789,ETH,0.0,6575584.168790119,True,26,17,23,8,50
2025-10-28 02:50:00+00:00,2025-10-28 03:00:00+00:00,3,3,10.0,False,7905580.693459765,6895805.886402192,8761265.951779999,8761265.951779764,,6,114123.66666666667,27,2025-10-28 02:50:00+00:00,-0.004427509265257457,13,27,-0.01914977050091148,0.0026675180422614784,-0.013756265065818264,5.0,True,True,15.0,True,True,15.0,True,True,intermediate,-0.044666352483120085,BTC,1.0,7905580.693459765,True,26,17,24,8,51
2025-10-28 19:25:00+00:00,2025-10-28 20:30:00+00:00,10,10,65.0,False,7343364.437980119,5118978.515080029,45449705.69586,18673565.744430117,,6,4109.633333333334,27,2025-10-28 21:05:00+00:00,-0.042038881241526785,13,27,-0.04932126383198653,-0.03412700760951221,-0.04437636976089452,1320.0,False,True,1440.0,False,True,1440.0,False,True,intermediate,-0.0495263368333933,ETH,0.18820371518828805,7343364.437980119,True,27,17,24,8,52
2025-10-28 19:35:00+00:00,2025-10-28 20:20:00+00:00,4,4,45.0,False,8726299.343239766,7106453.28498681,23959654.806749996,8726299.343239766,,6,114835.0,27,2025-10-28 21:05:00+00:00,-0.022905883013091904,13,27,-0.10323835770060732,-0.02065421110831134,-0.036640859270756894,1320.0,False,True,1440.0,False,True,1440.0,False,True,contraction,-0.0435250182657319,BTC,0.09830103050354422,8726299.343239766,True,27,17,24,8,53
2025-10-29 15:35:00+00:00,2025-10-29 16:15:00+00:00,4,4,40.0,False,7661501.016629766,7330155.399400514,23678329.04919,13054146.223349765,,6,112373.83333333333,27,2025-10-29 16:10:00+00:00,-0.012530665641382666,13,27,-0.012741820076393238,-0.005061412266225354,-0.04228191799490761,1320.0,False,True,1440.0,False,True,1440.0,False,True,intermediate,-0.05345569348449868,BTC,0.5960779410225437,7661501.016629766,True,28,17,25,8,54
2025-10-29 18:40:00+00:00,2025-10-29 18:50:00+00:00,3,3,10.0,False,43886798.138849765,7625952.136504618,50351989.501899995,50351989.50189976,,6,111574.33333333333,27,2025-10-29 18:40:00+00:00,-0.018282585020994738,13,27,0.0022136747668050375,-0.010241285363418751,-0.0417827648842216,15.0,True,True,135.0,True,True,135.0,True,True,limited,-0.05265569200483738,BTC,0.4398338445215373,43886798.138849765,True,28,17,25,8,55
2025-10-29 18:40:00+00:00,2025-10-29 18:50:00+00:00,3,3,10.0,False,26188591.985150117,6183794.683177907,30105706.110719997,30105706.110720117,,6,3994.7666666666664,27,2025-10-29 18:40:00+00:00,-0.03682111791264031,13,27,-0.01128331680146756,-0.022279344859987716,-0.06966331829822082,1320.0,False,True,1440.0,False,True,1440.0,False,True,intermediate,-0.05000203961548032,ETH,0.39493024321405934,26188591.985150117,True,28,17,25,8,56
2025-10-30 04:30:00+00:00,2025-10-30 04:40:00+00:00,3,3,10.0,False,76338875.01717976,7764591.228087746,78086573.01683,76338875.01717976,,6,110563.5,27,2025-10-30 04:30:00+00:00,-0.02283398464403849,13,27,-0.052932211786366125,-0.004223679696601476,-0.007289297176314935,15.0,True,True,135.0,True,True,90.0,True,True,contraction,-0.05151435778744919,BTC,0.815026603440228,76338875.01717976,True,29,17,26,8,57
2025-10-30 04:30:00+00:00,2025-10-30 04:35:00+00:00,2,2,5.0,False,8183478.845060119,6350679.433272948,9197887.23578,8183478.845060119,,6,3919.6666666666665,27,2025-10-30 04:25:00+00:00,-0.019792337358475857,13,27,-0.01769418142829596,-0.005581497100670546,-0.015352386148200756,15.0,True,True,85.0,True,True,85.0,True,True,intermediate,-0.049904785932124066,ETH,0.7179970713120283,8183478.845060119,True,29,17,26,8,58
2025-10-30 12:20:00+00:00,2025-10-30 19:55:00+00:00,22,11,455.0,True,21841611.54182976,7920871.366259123,84701086.11873001,39310493.78199977,,6,109922.5,27,2025-10-30 13:45:00+00:00,-0.022466136264331128,13,27,-0.0637865030702185,-0.0234714748827945,0.004194153406385864,650.0,True,True,770.0,True,True,770.0,True,True,contraction,-0.052876907830060375,BTC,0.0,21841611.54182976,True,30,17,26,8,59
2025-10-30 12:50:00+00:00,2025-10-30 13:50:00+00:00,5,5,60.0,False,7683873.278990119,6447757.246820695,22737909.28863,11561636.492820118,,6,3862.4499999999994,27,2025-10-30 14:00:00+00:00,-0.025434321134225075,13,27,-0.002241213908106161,-0.03437081190292479,-0.0058683938195817015,805.0,True,True,925.0,True,True,925.0,True,True,limited,-0.049807532248767813,ETH,0.0,7683873.278990119,True,30,17,26,8,60
2025-10-30 17:35:00+00:00,2025-10-30 17:35:00+00:00,1,1,0.0,False,7486182.96250012,6616582.33109012,11111699.98258,7486182.96250012,,6,3765.5333333333333,27,2025-10-30 19:00:00+00:00,-0.014332161813823827,13,27,-0.019703950918267054,0.006041061279309881,0.013666957788353399,130.0,True,True,250.0,True,True,220.0,True,True,intermediate,-0.049710278565411554,ETH,1.0,7486182.96250012,True,30,17,26,8,61
2025-10-30 19:45:00+00:00,2025-10-30 19:55:00+00:00,3,3,10.0,False,11641416.368460119,6675396.266928775,12595708.808179999,11641416.368460119,,6,3723.916666666666,27,2025-10-30 20:00:00+00:00,-0.010301949044649848,13,27,-0.011715167655606842,0.03039686078768596,0.04354319749692448,5.0,True,True,50.0,True,True,50.0,True,True,intermediate,-0.049613024882055295,ETH,1.0,11641416.368460119,True,30,17,26,8,62
2025-11-03 03:15:00+00:00,2025-11-03 03:25:00+00:00,3,3,10.0,False,7257184.920030119,6880909.44511012,12712222.077349998,8028811.540440119,,6,3795.3333333333335,27,2025-11-03 04:05:00+00:00,-0.021218612643260554,13,27,-0.020087842429036953,-0.016760972909217985,-0.04136282667369181,1320.0,False,True,1440.0,False,True,1440.0,False,True,intermediate,-0.04951577119869904,ETH,0.21008158304159452,7257184.920030119,True,31,18,27,9,63
2025-11-03 06:50:00+00:00,2025-11-03 07:00:00+00:00,3,3,10.0,False,11559346.830749761,9400089.454490615,11566148.820750002,11559346.830749761,,6,107428.0,27,2025-11-03 08:45:00+00:00,-0.003814466939782458,13,27,-0.0005963822090163453,0.004490591020204124,-0.02717934214652345,5.0,True,True,125.0,True,True,125.0,True,True,limited,-0.05833865829692515,BTC,1.0,11559346.830749761,True,31,18,27,9,64
2025-11-03 11:00:00+00:00,2025-11-03 11:10:00+00:00,3,3,10.0,False,16582957.248170119,7067639.092920153,16582957.24817,16582957.248170119,,6,3709.1666666666665,27,2025-11-03 11:00:00+00:00,-0.009594294488772498,13,27,-0.014978277950351887,-0.02396034874571628,-0.06350198820221481,5.0,True,True,20.0,True,True,20.0,True,True,intermediate,-0.049418517515342784,ETH,0.0,16582957.248170119,True,31,18,27,9,65
2025-11-03 15:30:00+00:00,2025-11-03 15:45:00+00:00,4,4,15.0,False,55758522.40027976,10180829.334305622,81857858.10931998,80435679.83509976,,6,107864.0,27,2025-11-03 16:05:00+00:00,-0.023739667135741858,13,27,-0.06491331154360064,-0.011998754296700389,-0.031770231037740855,1320.0,False,True,1440.0,False,True,1440.0,False,True,contraction,-0.057566308795416715,BTC,0.49456939610432193,55758522.40027976,True,31,18,27,9,66
2025-11-03 15:30:00+00:00,2025-11-03 15:45:00+00:00,4,4,15.0,False,19405196.94029012,7105442.720700121,53853385.17066,49513507.841300115,,6,3718.9500000000003,27,2025-11-03 16:05:00+00:00,-0.04178655336544746,13,27,-0.08335960547380536,-0.03778531687912958,-0.04198282972318835,1320.0,False,True,1440.0,False,True,1440.0,False,True,contraction,-0.04932126383198653,ETH,0.0957541640566707,19405196.94029012,True,31,18,27,9,67
2025-11-04 05:35:00+00:00,2025-11-04 05:45:00+00:00,3,3,10.0,False,13347751.087840118,7347731.635900119,21231130.74386,13347751.087840118,,6,3621.4500000000003,27,2025-11-04 06:05:00+00:00,-0.04025895783409537,13,27,-0.01589408704366591,-0.031101777765070008,-0.08002084742381113,1320.0,False,True,1440.0,False,True,1440.0,False,True,intermediate,-0.05019654698219283,ETH,0.22745695769775065,13347751.087840118,True,32,18,28,9,68
2025-11-04 05:50:00+00:00,2025-11-04 06:00:00+00:00,3,3,10.0,False,13853085.985869762,11078638.521705369,20492924.281269997,14008379.305579761,,6,105981.66666666667,27,2025-11-04 05:55:00+00:00,-0.017467561413167628,13,27,-0.004182024924747431,-0.014227388133894927,-0.042365314754640344,1320.0,False,True,1440.0,False,True,1440.0,False,True,limited,-0.06222110493583448,BTC,0.18549660153650016,13853085.985869762,True,32,18,28,9,69
2025-11-04 16:25:00+00:00,2025-11-04 17:25:00+00:00,8,8,60.0,False,15458620.102129761,11528373.512651673,76731526.98629999,28034003.11716976,,6,103475.16666666667,27,2025-11-04 18:20:00+00:00,-0.030742314294766898,13,27,-0.057901219813503615,-0.02470135063492971,-0.0023285488220420353,1230.0,True,True,1350.0,True,True,1340.0,True,True,intermediate,-0.06190802530895767,BTC,0.1965032170940204,15458620.102129761,True,33,18,28,9,70
2025-11-04 17:20:00+00:00,2025-11-04 21:50:00+00:00,10,4,270.0,True,8870716.512620121,7423605.883575125,29433322.79457,90011244.73607013,,6,3442.8999999999996,27,2025-11-04 18:35:00+00:00,-0.055983624543631136,13,27,-0.005382411467593177,-0.052487921614008275,-0.005490078519984488,1320.0,False,True,1440.0,False,True,1440.0,False,True,intermediate,-0.05009929329883658,ETH,0.06244152568039729,8870716.512620121,True,33,18,28,9,71
2025-11-04 20:20:00+00:00,2025-11-04 21:45:00+00:00,6,6,85.0,False,31633112.405539762,12199964.036148686,53370130.228080004,31633112.405539762,,6,100671.66666666667,27,2025-11-04 21:35:00+00:00,-0.01753779004052588,13,27,-0.054660145802793624,0.007115002057660362,0.03591977758114616,5.0,True,True,105.0,True,True,105.0,True,True,intermediate,-0.06159494568208087,BTC,1.0,31633112.405539762,True,33,18,28,9,72
2025-11-06 15:00:00+00:00,2025-11-06 16:55:00+00:00,10,10,115.0,False,16585967.04917976,13467661.482464159,122718416.63077,55577869.053439766,,6,102761.16666666667,27,2025-11-06 16:50:00+00:00,-0.024306638207735456,13,27,-0.02740908193348513,-0.01818344993855685,-0.019829842875897407,1320.0,False,True,1440.0,False,True,1440.0,False,True,intermediate,-0.06128186605520406,BTC,0.2519142390999153,16585967.04917976,True,34,19,29,9,73
2025-11-06 15:45:00+00:00,2025-11-06 15:55:00+00:00,3,3,10.0,False,12401033.405860119,7702489.1775612375,21108747.73825,16135004.933700118,,6,3343.8250000000003,27,2025-11-06 16:50:00+00:00,-0.030107875221691963,13,27,-0.08475013116385299,-0.004518503171170184,-0.018342492941108356,65.0,True,True,185.0,True,True,185.0,True,True,contraction,-0.05000203961548032,ETH,0.8499228810436043,12401033.405860119,True,34,19,29,9,74
2025-11-12 14:50:00+00:00,2025-11-12 15:00:00+00:00,3,3,10.0,False,25834532.21853012,6116850.237960243,35489708.89216,25834532.21853012,,6,3568.466666666667,27,2025-11-12 16:10:00+00:00,-0.05368353217669811,13,27,-0.02329753420155004,-0.0435047284005657,-0.0432706014734365,1320.0,False,True,1440.0,False,True,1440.0,False,True,intermediate,-0.05033257204908661,ETH,0.1896075642457562,25834532.21853012,True,35,20,30,10,75
2025-11-13 18:35:00+00:00,2025-11-13 18:45:00+00:00,3,3,10.0,False,20849555.84493977,11348353.857224911,33620479.98292,28036648.83034977,,6,99569.25,27,2025-11-13 20:20:00+00:00,-0.015207562008700415,13,27,0.01074245714977001,0.00045435434144036775,-0.03501151493683564,120.0,True,True,240.0,True,True,235.0,True,True,limited,-0.06096878642832725,BTC,1.0,20849555.84493977,True,36,21,31,10,76
2025-11-14 04:40:00+00:00,2025-11-14 07:00:00+00:00,6,3,140.0,True,68905784.25108977,11535665.337499762,69809196.83023998,68905784.25108977,,6,98950.33333333333,27,2025-11-14 06:35:00+00:00,-0.022813343246220873,13,27,-0.07010114949111262,-0.017502738453718303,-0.029275552090453294,1320.0,False,True,1440.0,False,True,1440.0,False,True,contraction,-0.06065570680145045,BTC,0.23278503002326478,68905784.25108977,True,37,21,32,10,77
2025-11-14 04:40:00+00:00,2025-11-14 04:50:00+00:00,3,3,10.0,False,15779950.41348012,5579409.052066263,15780105.26818,15779950.41348012,,6,3218.983333333333,27,2025-11-14 04:40:00+00:00,-0.03354293202367592,13,27,-0.043577288554332815,-0.008590215735075159,-0.014908209970636922,35.0,True,True,155.0,True,True,145.0,True,True,intermediate,-0.05032611015183036,ETH,0.743903850474018,15779950.41348012,True,37,21,32,10,78
2025-11-14 11:45:00+00:00,2025-11-14 12:55:00+00:00,7,7,70.0,False,18365994.96410977,12442600.5030521,74786194.95577,48337863.91160977,,6,96602.5,27,2025-11-14 12:40:00+00:00,-0.020825587649277978,13,27,-0.04880144513491052,-0.002964977109781135,-0.007783636587166335,65.0,True,True,185.0,True,True,185.0,True,True,intermediate,-0.0634734234433417,BTC,0.8576281659027312,18365994.96410977,True,38,21,32,10,79
2025-11-16 16:00:00+00:00,2025-11-16 16:10:00+00:00,3,3,10.0,False,14787008.21137977,10754271.389899768,25177465.17366,14788406.73448977,,6,95483.16666666667,27,2025-11-16 17:55:00+00:00,-0.016991182841206615,13,27,-0.0062814844385024994,-0.02060892330049075,-0.015649865274836573,565.0,True,True,685.0,True,True,135.0,True,True,intermediate,-0.06316034381646489,BTC,0.0,14787008.21137977,True,39,22,33,10,80
2025-11-16 17:20:00+00:00,2025-11-16 18:10:00+00:00,6,6,50.0,False,5478125.011260118,5377187.057845325,15927755.230540002,6443171.402520118,,6,3066.966666666667,27,2025-11-16 17:55:00+00:00,-0.01224191539103238,13,27,0.007212227456371597,-0.0002989284795116397,0.014271273099736347,5.0,True,True,45.0,True,True,45.0,True,True,limited,-0.050319648254574106,ETH,0.9755815597508037,5478125.011260118,True,39,22,33,10,81
2025-11-16 23:05:00+00:00,2025-11-16 23:15:00+00:00,3,3,10.0,False,18470657.54956012,5449374.581651824,18470657.54956,18470657.54956012,,6,3078.1000000000004,27,2025-11-16 23:00:00+00:00,-0.019204709856251258,13,27,-0.01735039312889803,0.03487732703579047,-0.01781474057582341,5.0,True,True,20.0,True,True,15.0,True,True,intermediate,-0.05031318635731785,ETH,1.0,18470657.54956012,True,39,22,33,10,82
2025-11-17 16:10:00+00:00,2025-11-17 16:15:00+00:00,2,2,5.0,False,7496220.429800119,5482678.000802022,12753876.27251,7496220.429800119,,6,3133.383333333333,27,2025-11-17 18:00:00+00:00,-0.025939513380224474,13,27,-0.011273508900530863,-0.03889502671198792,-0.002663074866972061,1320.0,False,True,1440.0,False,True,1440.0,False,True,intermediate,-0.0503067244600616,ETH,0.0,7496220.429800119,True,40,22,34,11,83
2025-11-17 17:50:00+00:00,2025-11-17 19:55:00+00:00,7,6,125.0,True,12023629.87011977,11528373.512651673,70549622.82079001,39367932.50868977,,6,93802.08333333333,27,2025-11-17 19:45:00+00:00,-0.02246296240748516,13,27,-0.029073313296149848,-0.018350125774612445,-0.006240866294689764,1245.0,True,True,1365.0,True,True,1365.0,True,True,intermediate,-0.0628472641895881,BTC,0.18309413327879787,12023629.87011977,True,40,22,34,11,84
2025-11-18 02:20:00+00:00,2025-11-18 05:00:00+00:00,10,7,160.0,True,23435418.34786977,11718238.015361285,56716459.76022,31964361.80412977,,6,91760.0,27,2025-11-18 03:35:00+00:00,-0.02169729375506613,13,27,-0.08943273281679943,-0.00634638170955225,0.009647083241617178,505.0,True,True,625.0,True,True,625.0,True,True,contraction,-0.06253418456271129,BTC,0.7075035356393041,23435418.34786977,True,41,22,35,11,85
2025-11-18 03:05:00+00:00,2025-11-18 03:15:00+00:00,3,3,10.0,False,8845894.776530119,5525198.201847721,9493154.21936,8847375.526530119,,6,3031.383333333333,27,2025-11-18 03:00:00+00:00,-0.026451469491330905,13,27,-0.035449176819768745,0.01107744684119406,0.028284954788510844,155.0,True,True,275.0,True,True,275.0,True,True,intermediate,-0.05030026256280534,ETH,1.0,8845894.776530119,True,41,22,35,11,86
2025-11-19 15:55:00+00:00,2025-11-19 16:00:00+00:00,2,2,5.0,False,6063821.025610119,5655306.161578365,15167440.882799998,6079541.381620119,,6,3043.0916666666667,27,2025-11-19 17:35:00+00:00,-0.04766338220839879,13,27,-0.03401220235119727,-0.017282931551512785,-0.022411491714821933,400.0,True,True,520.0,True,True,520.0,True,True,intermediate,-0.05029380066554909,ETH,0.6373960312772904,6063821.025610119,True,42,23,36,11,87
2025-11-19 18:25:00+00:00,2025-11-19 18:35:00+00:00,3,3,10.0,False,61208224.97835012,5864823.14048834,68709317.80522001,61832689.02698012,,6,2917.85,27,2025-11-19 19:40:00+00:00,-0.014707416716787027,13,27,-0.06629625167447747,0.03997375029027309,-0.02984621266448986,5.0,True,True,125.0,True,True,125.0,True,True,contraction,-0.05019654698219283,ETH,1.0,61208224.97835012,True,42,23,36,11,88
2025-11-20 16:05:00+00:00,2025-11-20 17:20:00+00:00,7,7,75.0,False,6282634.602220119,5993868.172716923,31555369.02921,13151244.13873012,,6,2985.483333333333,27,2025-11-20 17:15:00+00:00,-0.06031030280377394,13,27,-0.03472701989488171,-0.0329031553953121,-0.10197391557935474,1320.0,False,True,1440.0,False,True,1440.0,False,True,intermediate,-0.05034549584359912,ETH,0.4544355795664622,6282634.602220119,True,43,23,37,11,89
2025-11-20 16:15:00+00:00,2025-11-20 17:20:00+00:00,5,5,65.0,False,14381291.703439768,13947814.910892952,64734278.10683001,18641451.711819768,,6,90358.33333333333,27,2025-11-20 17:35:00+00:00,-0.04225828325926709,13,27,-0.029368980991323946,-0.02807844503887199,-0.0859491693718148,1320.0,False,True,1440.0,False,True,1440.0,False,True,intermediate,-0.06434990730690957,BTC,0.33555168659828394,14381291.703439768,True,43,23,37,11,90
2025-11-21 03:00:00+00:00,2025-11-21 03:10:00+00:00,3,3,10.0,False,9683924.60638012,6440391.390807723,9771436.73036,9683924.60638012,,6,2835.4833333333336,27,2025-11-21 03:00:00+00:00,-0.01866496199069955,13,27,-0.04851743299420886,-0.03445524027253921,-0.030411518915416345,1320.0,False,True,1440.0,False,True,1440.0,False,True,intermediate,-0.050339033946342863,ETH,0.0,9683924.60638012,True,44,23,38,11,91
2025-11-21 07:35:00+00:00,2025-11-21 07:45:00+00:00,3,3,10.0,False,246853792.39191675,14291316.771875199,260501212.013247,246853792.39191675,,6,85536.16666666667,27,2025-11-21 09:30:00+00:00,-0.032855489210680267,13,27,-0.08212799227075711,-0.024793500931542735,-0.01163760958805347,1320.0,False,True,1440.0,False,True,605.0,True,True,contraction,-0.06423722645957136,BTC,0.24537721010457025,246853792.39191675,True,44,23,38,11,92
2025-11-21 07:35:00+00:00,2025-11-21 07:45:00+00:00,3,3,10.0,False,109263833.00322713,6582659.176649526,109447843.037867,109263833.00322713,,6,2787.883333333333,27,2025-11-21 07:35:00+00:00,-0.038962246980007366,13,27,-0.10606955110795818,-0.018840472320034152,-0.009381900975793299,455.0,True,True,575.0,True,True,575.0,True,True,contraction,-0.05033257204908661,ETH,0.5164428702045409,109263833.00322713,True,44,23,38,11,93
2025-11-21 12:25:00+00:00,2025-11-21 12:35:00+00:00,3,3,10.0,False,17804497.862643763,14291316.771875199,21494665.011684,21494665.011683762,,6,82282.83333333333,27,2025-11-21 12:25:00+00:00,-0.01918231767914963,13,27,-0.02936249028309016,0.014690120409249482,0.017596056299330486,5.0,True,True,15.0,True,True,15.0,True,True,intermediate,-0.06606559004718981,BTC,1.0,17804497.862643763,True,44,23,38,11,94
2025-11-21 12:25:00+00:00,2025-11-21 12:35:00+00:00,3,3,10.0,False,10717913.319070118,6582659.176649526,10717933.014819998,10717933.014820118,,6,2686.133333333333,27,2025-11-21 12:25:00+00:00,-0.02049171108101241,13,27,-0.06707322281927743,0.01563094541097431,0.011959127960608015,5.0,True,True,15.0,True,True,15.0,True,True,contraction,-0.058327335656294554,ETH,1.0,10717913.319070118,True,44,23,38,11,95
2025-12-01 00:05:00+00:00,2025-12-01 00:45:00+00:00,7,7,40.0,False,17466505.850109763,11538287.710147487,56978613.23629,25052059.18673976,,6,90635.66666666667,27,2025-12-01 01:00:00+00:00,-0.04141681404387207,13,27,-0.03947648536833188,-0.0513790471970965,-0.049221010868015024,1320.0,False,True,1440.0,False,True,1440.0,False,True,intermediate,-0.06568149721266009,BTC,0.0,17466505.850109763,True,45,24,39,12,96
2025-12-01 00:10:00+00:00,2025-12-01 01:00:00+00:00,6,6,50.0,False,14548982.319860118,4800319.230436026,31862104.93142,16400582.543260116,,6,2999.9833333333336,27,2025-12-01 00:55:00+00:00,-0.0569352348918225,13,27,-0.06640703040234545,-0.0596559884870795,-0.0699341926336941,1320.0,False,True,1440.0,False,True,1440.0,False,True,intermediate,-0.06660704013239746,ETH,0.0,14548982.319860118,True,45,24,39,12,97
2025-12-01 12:45:00+00:00,2025-12-01 13:00:00+00:00,4,4,15.0,False,43146539.855969764,12442600.5030521,78558745.29076,78207376.23287977,,6,85907.41666666667,27,2025-12-01 12:50:00+00:00,-0.013487726484562241,13,27,-0.012290617382524722,-0.014290346846927138,0.01613184193952639,5.0,True,True,20.0,True,True,20.0,True,True,intermediate,-0.06529740437813036,BTC,0.0,43146539.855969764,True,46,24,39,12,98
2025-12-01 15:35:00+00:00,2025-12-01 15:45:00+00:00,3,3,10.0,False,14948750.153619768,12923577.79974128,25992867.62797,23850019.98154977,,6,85842.66666666667,27,2025-12-01 15:45:00+00:00,-0.02305146870208491,13,27,-0.017507194374752063,0.006141596894529724,0.046031599961120294,215.0,True,True,335.0,True,True,280.0,True,True,intermediate,-0.06491331154360064,BTC,1.0,14948750.153619768,True,46,24,39,12,99
2025-12-01 15:35:00+00:00,2025-12-01 15:45:00+00:00,3,3,10.0,False,5735601.481890117,5431594.343639727,7714053.443120001,5898129.917550117,,6,2811.3500000000004,27,2025-12-01 16:15:00+00:00,-0.03268371098872475,13,27,0.0010679499959530589,-0.00692451859347893,0.05228431969091864,275.0,True,True,395.0,True,True,395.0,True,True,limited,-0.06660688812742505,ETH,0.788135484496612,5735601.481890117,True,46,24,39,12,100
2025-12-04 14:55:00+00:00,2025-12-04 15:05:00+00:00,3,3,10.0,False,5325286.625390116,4636951.68748292,5380290.66628,5380290.666280117,,6,3178.408333333333,27,2025-12-04 14:55:00+00:00,-0.011218698057975606,13,27,0.011935197543294938,-0.012587776213748299,-0.02459141401639847,565.0,True,True,20.0,True,True,20.0,True,True,limited,-0.06654026888573185,ETH,0.0,5325286.625390116,True,47,25,40,12,101
2025-12-04 19:20:00+00:00,2025-12-04 19:25:00+00:00,2,2,5.0,False,4479346.467510117,4246713.906340996,4936367.3678,4712333.627880117,,6,3139.866666666667,27,2025-12-04 19:20:00+00:00,-0.022942610701883873,13,27,-0.010742708205963222,0.0054260354561396626,-0.03837729636988768,60.0,True,True,95.0,True,True,95.0,True,True,intermediate,-0.06647364964403865,ETH,1.0,4479346.467510117,True,47,25,40,12,102
2025-12-04 19:25:00+00:00,2025-12-04 19:35:00+00:00,3,3,10.0,False,21190564.29114977,11251651.326449767,21190564.29115,21190564.29114977,,6,91982.83333333333,27,2025-12-04 19:25:00+00:00,-0.011643964053197368,13,27,-0.02992589141899705,0.004736029907810903,-0.030222171324265742,5.0,True,True,25.0,True,True,25.0,True,True,intermediate,-0.06480063069626242,BTC,1.0,21190564.29114977,True,47,25,40,12,103
2025-12-05 16:10:00+00:00,2025-12-05 16:55:00+00:00,6,6,45.0,False,17568189.955619767,11092879.075935612,43030987.911180004,22071644.764139768,,6,90970.5,27,2025-12-05 16:40:00+00:00,-0.03144432124772473,13,27,-0.01815215376284035,-0.020422470784932024,-0.011720547038442315,1320.0,False,True,1440.0,False,True,1440.0,False,True,intermediate,-0.06468794984892422,BTC,0.3505195859042507,17568189.955619767,True,48,25,41,12,104
2025-12-05 16:45:00+00:00,2025-12-05 16:55:00+00:00,3,3,10.0,False,9839668.395160116,4064892.146500117,9840747.37852,9839668.395160116,,6,3068.591666666667,27,2025-12-05 16:50:00+00:00,-0.020691594973153843,13,27,-0.08788302696746811,-0.012771614547885647,-0.0035066612099938607,1320.0,False,True,1440.0,False,True,1440.0,False,True,contraction,-0.06640703040234545,ETH,0.3827631671480094,9839668.395160116,True,48,25,41,12,105
2025-12-05 19:05:00+00:00,2025-12-05 19:15:00+00:00,3,3,10.0,False,5389329.662120118,4152957.2729192358,5389329.66212,5389329.662120118,,6,3019.1999999999994,27,2025-12-05 19:00:00+00:00,-0.010002829581493454,13,27,-0.04342422054269349,0.0015389582802567726,0.008952257032942806,5.0,True,True,15.0,True,True,15.0,True,True,intermediate,-0.06700660357758423,ETH,1.0,5389329.662120118,True,48,25,41,12,106
2025-12-07 14:25:00+00:00,2025-12-07 14:40:00+00:00,4,4,15.0,False,27888648.658020116,4064892.146500117,46258353.44996999,46254187.34335012,,6,3029.7000000000003,27,2025-12-07 14:30:00+00:00,-0.03264240435118951,13,27,-0.04940609823385707,0.0370322698484761,0.03895472100895582,35.0,True,True,155.0,True,True,100.0,True,True,intermediate,-0.06693998433589103,ETH,1.0,27888648.658020116,True,49,26,42,12,107
2025-12-07 14:30:00+00:00,2025-12-07 14:35:00+00:00,2,2,5.0,False,15722959.62490977,10560674.039480845,17728181.252609998,17361081.62467977,,6,88930.83333333333,27,2025-12-07 14:30:00+00:00,-0.01319042910978368,13,27,-0.04094741683107198,0.027610828117674194,0.026143998450216706,5.0,True,True,45.0,True,True,45.0,True,True,intermediate,-0.064575269001586,BTC,1.0,15722959.62490977,True,49,26,42,12,108
2025-12-07 22:10:00+00:00,2025-12-07 22:20:00+00:00,3,3,10.0,False,9292795.240990115,4325443.601294844,12085027.53851,9292795.240990115,,6,3107.4833333333336,27,2025-12-07 22:55:00+00:00,-0.02672028788245044,13,27,0.03207170103302369,0.0019182550837910034,0.011030445255722526,80.0,True,True,200.0,True,True,200.0,True,True,limited,-0.06687336509419783,ETH,1.0,9292795.240990115,True,50,26,42,12,109
2025-12-10 20:55:00+00:00,2025-12-10 21:05:00+00:00,3,3,10.0,False,31026295.15299977,10754271.389899768,31709235.77783,31026338.57723977,,6,93675.66666666667,27,2025-12-10 21:10:00+00:00,-0.019806861773719327,13,27,-0.0467793924524137,-0.03978993076923476,-0.022401731278510698,1320.0,False,True,1440.0,False,True,1440.0,False,True,intermediate,-0.06446258815424778,BTC,0.0,31026295.15299977,True,51,27,43,13,110
2025-12-11 01:25:00+00:00,2025-12-11 01:30:00+00:00,2,2,5.0,False,11778256.106599769,11044117.474349769,25156691.431819998,11778256.106599769,,6,91200.16666666667,27,2025-12-11 03:10:00+00:00,-0.019606119186536364,13,27,-0.04827723907669366,-0.011653879566282985,0.009432693794912088,970.0,True,True,1090.0,True,True,1045.0,True,True,intermediate,-0.06434990730690957,BTC,0.4055998815774938,11778256.106599769,True,51,27,44,13,111
2025-12-11 03:10:00+00:00,2025-12-11 03:20:00+00:00,3,3,10.0,False,8217770.501390116,4325443.601294844,8933105.43458,8900029.582680115,,6,3217.35,27,2025-12-11 03:10:00+00:00,-0.014337611976545463,13,27,0.007299828831378087,-0.004485779214880947,0.014288161605337796,45.0,True,True,165.0,True,True,110.0,True,True,limited,-0.06680674585250464,ETH,0.6871320536349345,8217770.501390116,True,51,27,44,13,112
2025-12-12 15:30:00+00:00,2025-12-12 15:55:00+00:00,6,6,25.0,False,13065260.398450116,4058804.272556027,34921508.17179,25013978.761450116,,6,3224.0,27,2025-12-12 16:20:00+00:00,-0.0542197349677232,13,27,-0.016518383258844836,-0.04395772153423703,-0.03309435636811131,1320.0,False,True,1440.0,False,True,1440.0,False,True,intermediate,-0.06674012661081144,ETH,0.18926712643643695,13065260.398450116,True,52,28,45,13,113
2025-12-12 15:35:00+00:00,2025-12-12 15:40:00+00:00,2,2,5.0,False,11683802.264639769,11138959.101868981,21560657.42162,12334355.12827977,,6,92176.33333333333,27,2025-12-12 16:40:00+00:00,-0.029291614610140113,13,27,-0.0917054390090836,-0.0216240942944006,-0.022611228358587008,1320.0,False,True,1440.0,False,True,1440.0,False,True,contraction,-0.06423722645957136,BTC,0.2617650279027358,11683802.264639769,True,52,28,45,13,114
2025-12-14 11:45:00+00:00,2025-12-14 11:55:00+00:00,3,3,10.0,False,14840821.782239769,10560674.039480845,15086026.71745,14840821.782239769,,6,89647.66666666667,27,2025-12-14 11:45:00+00:00,-0.009269693358970878,13,27,0.0003587911774329272,-0.00993417514395905,-0.0009504669814478524,745.0,True,True,865.0,True,True,65.0,True,True,limited,-0.06606559004718981,BTC,0.0,14840821.782239769,True,53,29,46,13,115
2025-12-14 23:35:00+00:00,2025-12-14 23:45:00+00:00,3,3,10.0,False,9355094.581620116,3776671.7750700396,9355094.58162,9355094.581620116,,6,3069.0916666666667,27,2025-12-14 23:30:00+00:00,-0.011219643873452067,13,27,-0.018818734346810133,0.01704413104491132,-0.035837708605814526,5.0,True,True,30.0,True,True,20.0,True,True,intermediate,-0.06667350736911824,ETH,1.0,9355094.581620116,True,54,29,46,13,116
2025-12-15 15:00:00+00:00,2025-12-15 15:00:00+00:00,1,1,0.0,False,10084830.654799769,9971756.507371353,28126854.46277,10084830.654799769,,6,89385.5,27,2025-12-15 16:40:00+00:00,-0.03737357443485897,13,27,-0.11652227719836558,-0.039524387922401386,-0.02474841178767464,1320.0,False,True,1440.0,False,True,1440.0,False,True,contraction,-0.06568149721266009,BTC,0.0,10084830.654799769,True,55,29,47,14,117
2025-12-15 15:00:00+00:00,2025-12-15 15:35:00+00:00,6,6,35.0,False,8275168.773630115,3952092.6315425243,19833110.09071,10459921.584320115,,6,3131.4500000000003,27,2025-12-15 16:45:00+00:00,-0.05261438907831294,13,27,-0.010041126577366334,-0.0661354354593056,-0.06320562942196889,1320.0,False,True,1440.0,False,True,1440.0,False,True,intermediate,-0.06660688812742505,ETH,0.0,8275168.773630115,True,55,29,47,14,118
2025-12-15 18:40:00+00:00,2025-12-15 18:50:00+00:00,3,3,10.0,False,12678649.658020116,4352311.365322868,12678649.65802,12678649.658020116,,6,2934.466666666667,27,2025-12-15 18:40:00+00:00,-0.009386900541980561,13,27,-0.01299675401332032,0.007700244838825558,0.0018668525700470554,5.0,True,True,20.0,True,True,20.0,True,True,intermediate,-0.06654026888573185,ETH,1.0,12678649.658020116,True,55,29,47,14,119
2025-12-16 04:50:00+00:00,2025-12-16 05:00:00+00:00,3,3,10.0,False,28081981.345610116,4552996.753784386,28081981.34561,28081981.345610116,,6,2924.616666666667,27,2025-12-16 04:50:00+00:00,-0.012304918908229007,13,27,-0.02068906876047995,0.008895957362618527,0.0019243256567298237,5.0,True,True,30.0,True,True,25.0,True,True,intermediate,-0.06647364964403865,ETH,1.0,28081981.345610116,True,56,29,48,14,120
2025-12-17 15:50:00+00:00,2025-12-17 18:55:00+00:00,12,9,185.0,True,4091242.8424601154,4064892.146500117,33062065.767879996,17680510.613150116,,6,3015.4,27,2025-12-17 16:40:00+00:00,-0.061990422772214275,13,27,-0.03316805078821898,-0.06814875330054286,-0.015456774795954548,1320.0,False,True,1440.0,False,True,1440.0,False,True,intermediate,-0.06640703040234545,ETH,0.0,4091242.8424601154,True,57,30,49,14,121
2025-12-18 17:15:00+00:00,2025-12-18 17:30:00+00:00,4,4,15.0,False,7456808.872189769,7350778.541769769,17796113.24232,14430726.80751977,,6,88104.33333333333,27,2025-12-18 17:25:00+00:00,-0.03054934991468454,13,27,-0.02035610630149989,-0.029601914936100978,-0.00017972732575336132,720.0,True,True,840.0,True,True,840.0,True,True,intermediate,-0.06888893084911936,BTC,0.03101326153353423,7456808.872189769,True,58,31,50,14,122
2025-12-18 17:15:00+00:00,2025-12-18 17:30:00+00:00,4,4,15.0,False,11119999.392060116,4447975.798303665,16036867.23613,12211289.638100116,,6,2944.433333333333,27,2025-12-18 17:25:00+00:00,-0.05052913468923989,13,27,-0.023355904228988627,-0.03937468785191955,0.013197484615928762,710.0,True,True,830.0,True,True,825.0,True,True,intermediate,-0.06639595252955866,ETH,0.2207527776978866,11119999.392060116,True,58,31,50,14,123
2025-12-18 19:45:00+00:00,2025-12-18 20:00:00+00:00,4,4,15.0,False,15737785.11791977,7763837.756169769,24735013.864959996,24586206.406789772,,6,85574.41666666667,27,2025-12-18 20:00:00+00:00,-0.01351687908999245,13,27,-0.025634406805539342,-0.003235360196527126,0.026830501631512724,15.0,True,True,110.0,True,True,110.0,True,True,intermediate,-0.06875423988889788,BTC,0.7606429579648676,15737785.11791977,True,58,31,50,14,124
2025-12-19 17:35:00+00:00,2025-12-19 17:45:00+00:00,3,3,10.0,False,13352111.60440977,8405256.021189818,16273584.9055,13352111.60440977,,6,88069.66666666667,27,2025-12-19 18:00:00+00:00,-0.01389386312576327,13,27,0.00637213872774956,0.001495801728744585,0.0012576821916123215,50.0,True,True,170.0,True,True,170.0,True,True,limited,-0.06837014705436815,BTC,1.0,13352111.60440977,True,59,31,51,14,125
2025-12-22 19:10:00+00:00,2025-12-22 20:00:00+00:00,4,4,50.0,False,7563983.629609769,5707743.860782585,20467699.725539997,7672088.405249769,,6,89379.16666666667,27,2025-12-22 20:15:00+00:00,-0.016613870349169595,13,27,0.0029183729918055915,-0.007768665053849813,-0.016045245893232574,1320.0,False,True,1440.0,False,True,1440.0,False,True,limited,-0.06798605421983843,BTC,0.5323988396094526,7563983.629609769,True,60,32,52,15,126
2025-12-23 15:00:00+00:00,2025-12-23 15:10:00+00:00,3,3,10.0,False,13616895.61882977,5866597.335498612,13616895.618830001,13616895.61882977,,6,87562.16666666667,27,2025-12-23 14:55:00+00:00,-0.01104342806153926,13,27,-0.013014936555731644,0.0017040023445314694,-0.007596738770454044,5.0,True,True,65.0,True,True,65.0,True,True,intermediate,-0.0676019613853087,BTC,1.0,13616895.61882977,True,61,32,53,15,127
2025-12-23 15:00:00+00:00,2025-12-23 15:10:00+00:00,3,3,10.0,False,4551277.495130115,3366241.153252669,4551277.49513,4551277.495130115,,6,2939.8000000000006,27,2025-12-23 14:55:00+00:00,-0.011994223744916271,13,27,0.005880011868191299,0.009900484501169635,-0.00986206343787771,5.0,True,True,65.0,True,True,65.0,True,True,limited,-0.06638487465677186,ETH,1.0,4551277.495130115,True,61,32,53,15,128
2025-12-26 14:55:00+00:00,2025-12-26 15:05:00+00:00,3,3,10.0,False,17402490.806439772,5718927.112529769,22177353.92311,19847646.48936977,,6,88876.0,27,2025-12-26 15:15:00+00:00,-0.02504780528262256,13,27,-0.025392428784950145,-0.013291734574970538,-0.015677634928228927,1320.0,False,True,1440.0,False,True,1440.0,False,True,intermediate,-0.06721786855077898,BTC,0.4693453408394245,17402490.806439772,True,62,33,54,15,129
2025-12-29 12:10:00+00:00,2025-12-29 12:20:00+00:00,3,3,10.0,False,10224381.255149769,5906664.209352255,11728330.6887,11726199.124299768,,6,87635.33333333333,27,2025-12-29 12:15:00+00:00,-0.00927239056216416,13,27,0.005671624282660315,0.0019569589413329365,0.003043980524157899,25.0,True,True,145.0,True,True,145.0,True,True,limited,-0.06683377571624927,BTC,1.0,10224381.255149769,True,63,34,55,16,130
2025-12-29 12:15:00+00:00,2025-12-29 12:20:00+00:00,2,2,5.0,False,3755783.278840115,3453447.1761801154,4612934.3023,4602492.075680115,,6,2962.116666666667,27,2025-12-29 12:15:00+00:00,-0.01701246287415824,13,27,-0.007772892968556978,-0.008158006884238473,0.007377335362342077,1070.0,True,True,1190.0,True,True,145.0,True,True,intermediate,-0.06637379678398506,ETH,0.5204687913452906,3755783.278840115,True,63,34,55,16,131
2025-12-30 20:55:00+00:00,2025-12-30 21:05:00+00:00,3,3,10.0,False,7525838.043429769,6406105.356673878,7525838.04343,7525838.043429769,,6,88098.5,27,2025-12-30 20:55:00+00:00,-0.002864533488494318,13,27,-0.019483121890393567,0.005704567226749305,-0.006856714126943642,5.0,True,True,15.0,True,True,10.0,True,True,intermediate,-0.06644968288171953,BTC,1.0,7525838.043429769,True,64,35,56,16,132
2025-12-31 16:30:00+00:00,2025-12-31 16:50:00+00:00,5,5,20.0,False,9942365.32326977,5068001.497876224,16258416.827520002,11732779.876109768,,6,87944.16666666667,27,2025-12-31 16:40:00+00:00,-0.006224023377345426,13,27,-0.009699768412295112,-0.0007242063432430605,,5.0,True,True,100.0,True,True,100.0,True,True,intermediate,-0.06606559004718981,BTC,0.8836433767458087,9942365.32326977,True,65,35,57,16,133
