symbol,legacy_t0,legacy_class,status,E0,corrected_class,analysable,exclusion
BTC,2025-08-11 19:50:00+00:00,middle,dropped,,,False,before full 30-day warm-up
BTC,2025-08-14 12:30:00+00:00,deleverage,dropped,,,False,before full 30-day warm-up
BTC,2025-08-14 18:20:00+00:00,middle,dropped,,,False,before full 30-day warm-up
BTC,2025-08-15 14:45:00+00:00,middle,dropped,,,False,before full 30-day warm-up
BTC,2025-08-18 01:35:00+00:00,middle,dropped,,,False,before full 30-day warm-up
BTC,2025-08-18 06:40:00+00:00,deleverage,dropped,,,False,before full 30-day warm-up
BTC,2025-08-19 04:05:00+00:00,deleverage,dropped,,,False,before full 30-day warm-up
BTC,2025-08-24 19:35:00+00:00,middle,dropped,,,False,before full 30-day warm-up
BTC,2025-08-25 06:45:00+00:00,deleverage,dropped,,,False,before full 30-day warm-up
BTC,2025-08-25 10:35:00+00:00,middle,dropped,,,False,before full 30-day warm-up
BTC,2025-08-25 19:55:00+00:00,deleverage,dropped,,,False,before full 30-day warm-up
BTC,2025-08-29 07:20:00+00:00,middle,dropped,,,False,before full 30-day warm-up
BTC,2025-09-01 21:40:00+00:00,churn,same onset bin,2025-09-01 21:45:00+00:00,limited,True,
BTC,2025-09-05 14:25:00+00:00,middle,same onset bin,2025-09-05 14:30:00+00:00,limited,True,
BTC,2025-09-09 15:35:00+00:00,middle,same onset bin,2025-09-09 15:40:00+00:00,intermediate,True,
BTC,2025-09-15 08:00:00+00:00,middle,same onset bin,2025-09-15 08:05:00+00:00,limited,True,
BTC,2025-09-22 00:30:00+00:00,deleverage,same onset bin,2025-09-22 00:35:00+00:00,contraction,True,
BTC,2025-09-22 05:55:00+00:00,deleverage,same onset bin,2025-09-22 06:00:00+00:00,contraction,True,
BTC,2025-09-24 04:10:00+00:00,churn,same onset bin,2025-09-24 04:15:00+00:00,limited,True,
BTC,2025-09-25 12:25:00+00:00,deleverage,same onset bin,2025-09-25 12:30:00+00:00,contraction,True,
BTC,2025-09-25 17:10:00+00:00,middle,same onset bin,2025-09-25 17:15:00+00:00,intermediate,True,
BTC,2025-09-30 09:45:00+00:00,middle,same onset bin,2025-09-30 09:50:00+00:00,intermediate,True,
BTC,2025-10-03 17:00:00+00:00,middle,same onset bin,2025-10-03 17:05:00+00:00,intermediate,True,
BTC,2025-10-05 09:25:00+00:00,middle,same onset bin,2025-10-05 09:30:00+00:00,contraction,True,
BTC,2025-10-05 16:50:00+00:00,middle,same onset bin,2025-10-05 16:55:00+00:00,intermediate,True,
BTC,2025-10-07 08:15:00+00:00,middle,same onset bin,2025-10-07 08:20:00+00:00,intermediate,True,
BTC,2025-10-07 14:05:00+00:00,middle,same onset bin,2025-10-07 14:10:00+00:00,intermediate,True,
BTC,2025-10-09 02:40:00+00:00,middle,same onset bin,2025-10-09 02:45:00+00:00,contraction,True,
BTC,2025-10-09 08:20:00+00:00,churn,same onset bin,2025-10-09 08:25:00+00:00,limited,True,
BTC,2025-10-09 14:45:00+00:00,churn,same onset bin,2025-10-09 14:50:00+00:00,intermediate,True,
BTC,2025-10-10 15:00:00+00:00,middle,same onset bin,2025-10-10 15:05:00+00:00,contraction,True,
BTC,2025-10-11 20:55:00+00:00,middle,same onset bin,2025-10-11 21:00:00+00:00,intermediate,True,
BTC,2025-10-14 06:40:00+00:00,deleverage,same onset bin,2025-10-14 06:45:00+00:00,contraction,True,
BTC,2025-10-16 09:30:00+00:00,middle,same onset bin,2025-10-16 09:35:00+00:00,intermediate,True,
BTC,2025-10-16 14:15:00+00:00,churn,same onset bin,2025-10-16 14:20:00+00:00,limited,True,
BTC,2025-10-17 06:35:00+00:00,deleverage,same onset bin,2025-10-17 06:40:00+00:00,contraction,True,
BTC,2025-10-21 22:30:00+00:00,middle,same onset bin,2025-10-21 22:35:00+00:00,intermediate,True,
BTC,2025-10-22 11:00:00+00:00,middle,same onset bin,2025-10-22 11:05:00+00:00,intermediate,True,
BTC,2025-10-22 21:10:00+00:00,middle,same onset bin,2025-10-22 21:15:00+00:00,intermediate,True,
BTC,2025-10-28 02:45:00+00:00,middle,same onset bin,2025-10-28 02:50:00+00:00,intermediate,True,
BTC,2025-10-28 19:30:00+00:00,deleverage,same onset bin,2025-10-28 19:35:00+00:00,contraction,True,
BTC,2025-10-29 15:30:00+00:00,middle,same onset bin,2025-10-29 15:35:00+00:00,intermediate,True,
BTC,2025-10-29 18:35:00+00:00,churn,same onset bin,2025-10-29 18:40:00+00:00,limited,True,
BTC,2025-10-30 04:25:00+00:00,deleverage,same onset bin,2025-10-30 04:30:00+00:00,contraction,True,
BTC,2025-10-30 12:15:00+00:00,deleverage,same onset bin,2025-10-30 12:20:00+00:00,contraction,True,
BTC,2025-11-03 06:45:00+00:00,churn,same onset bin,2025-11-03 06:50:00+00:00,limited,True,
BTC,2025-11-03 15:25:00+00:00,deleverage,same onset bin,2025-11-03 15:30:00+00:00,contraction,True,
BTC,2025-11-04 05:45:00+00:00,churn,same onset bin,2025-11-04 05:50:00+00:00,limited,True,
BTC,2025-11-04 16:20:00+00:00,middle,same onset bin,2025-11-04 16:25:00+00:00,intermediate,True,
BTC,2025-11-04 20:15:00+00:00,middle,same onset bin,2025-11-04 20:20:00+00:00,intermediate,True,
BTC,2025-11-06 14:55:00+00:00,middle,same onset bin,2025-11-06 15:00:00+00:00,intermediate,True,
BTC,2025-11-13 18:30:00+00:00,churn,same onset bin,2025-11-13 18:35:00+00:00,limited,True,
BTC,2025-11-14 04:35:00+00:00,deleverage,same onset bin,2025-11-14 04:40:00+00:00,contraction,True,
BTC,2025-11-14 11:40:00+00:00,middle,same onset bin,2025-11-14 11:45:00+00:00,intermediate,True,
BTC,2025-11-16 15:55:00+00:00,middle,same onset bin,2025-11-16 16:00:00+00:00,intermediate,True,
BTC,2025-11-17 17:45:00+00:00,middle,same onset bin,2025-11-17 17:50:00+00:00,intermediate,True,
BTC,2025-11-18 02:15:00+00:00,deleverage,same onset bin,2025-11-18 02:20:00+00:00,contraction,True,
BTC,2025-11-20 16:10:00+00:00,middle,same onset bin,2025-11-20 16:15:00+00:00,intermediate,True,
BTC,2025-11-21 07:30:00+00:00,deleverage,same onset bin,2025-11-21 07:35:00+00:00,contraction,True,
BTC,2025-11-21 12:20:00+00:00,middle,same onset bin,2025-11-21 12:25:00+00:00,intermediate,True,
BTC,2025-12-01 00:00:00+00:00,middle,same onset bin,2025-12-01 00:05:00+00:00,intermediate,True,
BTC,2025-12-01 12:40:00+00:00,middle,same onset bin,2025-12-01 12:45:00+00:00,intermediate,True,
BTC,2025-12-01 15:30:00+00:00,middle,same onset bin,2025-12-01 15:35:00+00:00,intermediate,True,
BTC,2025-12-04 19:20:00+00:00,middle,same onset bin,2025-12-04 19:25:00+00:00,intermediate,True,
BTC,2025-12-05 16:05:00+00:00,middle,same onset bin,2025-12-05 16:10:00+00:00,intermediate,True,
BTC,2025-12-07 14:25:00+00:00,middle,same onset bin,2025-12-07 14:30:00+00:00,intermediate,True,
BTC,2025-12-10 20:50:00+00:00,middle,same onset bin,2025-12-10 20:55:00+00:00,intermediate,True,
BTC,2025-12-11 01:20:00+00:00,middle,same onset bin,2025-12-11 01:25:00+00:00,intermediate,True,
BTC,2025-12-12 15:30:00+00:00,deleverage,same onset bin,2025-12-12 15:35:00+00:00,contraction,True,
BTC,2025-12-14 11:40:00+00:00,churn,same onset bin,2025-12-14 11:45:00+00:00,limited,True,
BTC,2025-12-15 14:55:00+00:00,deleverage,same onset bin,2025-12-15 15:00:00+00:00,contraction,True,
BTC,2025-12-18 17:10:00+00:00,middle,same onset bin,2025-12-18 17:15:00+00:00,intermediate,True,
BTC,2025-12-18 19:40:00+00:00,middle,same onset bin,2025-12-18 19:45:00+00:00,intermediate,True,
BTC,2025-12-19 17:30:00+00:00,churn,same onset bin,2025-12-19 17:35:00+00:00,limited,True,
BTC,2025-12-22 19:05:00+00:00,churn,same onset bin,2025-12-22 19:10:00+00:00,limited,True,
BTC,2025-12-23 14:55:00+00:00,middle,same onset bin,2025-12-23 15:00:00+00:00,intermediate,True,
BTC,2025-12-26 14:50:00+00:00,middle,same onset bin,2025-12-26 14:55:00+00:00,intermediate,True,
BTC,2025-12-29 12:05:00+00:00,churn,same onset bin,2025-12-29 12:10:00+00:00,limited,True,
BTC,2025-12-30 20:50:00+00:00,middle,same onset bin,2025-12-30 20:55:00+00:00,intermediate,True,
BTC,2025-12-31 16:25:00+00:00,middle,same onset bin,2025-12-31 16:30:00+00:00,intermediate,True,
ETH,2025-08-10 03:25:00+00:00,middle,dropped,,,False,before full 30-day warm-up
ETH,2025-08-14 12:30:00+00:00,deleverage,dropped,,,False,before full 30-day warm-up
ETH,2025-08-14 18:20:00+00:00,middle,dropped,,,False,before full 30-day warm-up
ETH,2025-08-15 13:50:00+00:00,deleverage,dropped,,,False,before full 30-day warm-up
ETH,2025-08-17 18:55:00+00:00,churn,dropped,,,False,before full 30-day warm-up
ETH,2025-08-18 01:25:00+00:00,middle,dropped,,,False,before full 30-day warm-up
ETH,2025-08-18 06:45:00+00:00,deleverage,dropped,,,False,before full 30-day warm-up
ETH,2025-08-19 03:20:00+00:00,deleverage,dropped,,,False,before full 30-day warm-up
ETH,2025-08-19 15:05:00+00:00,middle,dropped,,,False,before full 30-day warm-up
ETH,2025-08-19 23:35:00+00:00,deleverage,dropped,,,False,before full 30-day warm-up
ETH,2025-08-23 02:30:00+00:00,middle,dropped,,,False,before full 30-day warm-up
ETH,2025-08-24 19:35:00+00:00,deleverage,dropped,,,False,before full 30-day warm-up
ETH,2025-08-25 06:45:00+00:00,deleverage,dropped,,,False,before full 30-day warm-up
ETH,2025-08-25 10:35:00+00:00,deleverage,dropped,,,False,before full 30-day warm-up
ETH,2025-08-25 19:15:00+00:00,deleverage,dropped,,,False,before full 30-day warm-up
ETH,2025-08-29 07:10:00+00:00,deleverage,dropped,,,False,before full 30-day warm-up
ETH,2025-08-29 14:05:00+00:00,deleverage,dropped,,,False,before full 30-day warm-up
ETH,2025-09-01 21:40:00+00:00,middle,same onset bin,2025-09-01 21:45:00+00:00,intermediate,True,
ETH,2025-09-14 14:40:00+00:00,churn,same onset bin,2025-09-14 14:45:00+00:00,limited,True,
ETH,2025-09-15 08:00:00+00:00,middle,same onset bin,2025-09-15 08:05:00+00:00,intermediate,True,
ETH,2025-09-16 13:45:00+00:00,middle,same onset bin,2025-09-16 13:50:00+00:00,intermediate,True,
ETH,2025-09-17 18:00:00+00:00,middle,same onset bin,2025-09-17 18:05:00+00:00,intermediate,True,
ETH,2025-09-22 00:30:00+00:00,middle,same onset bin,2025-09-22 00:35:00+00:00,contraction,True,
ETH,2025-09-22 05:55:00+00:00,deleverage,same onset bin,2025-09-22 06:00:00+00:00,contraction,True,
ETH,2025-09-24 04:10:00+00:00,middle,same onset bin,2025-09-24 04:15:00+00:00,intermediate,True,
ETH,2025-09-25 02:20:00+00:00,churn,same onset bin,2025-09-25 02:25:00+00:00,limited,True,
ETH,2025-09-25 12:25:00+00:00,middle,same onset bin,2025-09-25 12:30:00+00:00,intermediate,True,
ETH,2025-09-25 17:05:00+00:00,middle,same onset bin,2025-09-25 17:10:00+00:00,contraction,True,
ETH,2025-10-07 15:05:00+00:00,churn,same onset bin,2025-10-07 15:10:00+00:00,limited,True,
ETH,2025-10-09 02:40:00+00:00,churn,same onset bin,2025-10-09 02:45:00+00:00,limited,True,
ETH,2025-10-09 08:15:00+00:00,middle,same onset bin,2025-10-09 08:20:00+00:00,intermediate,True,
ETH,2025-10-10 15:00:00+00:00,middle,same onset bin,2025-10-10 15:05:00+00:00,intermediate,True,
ETH,2025-10-10 19:10:00+00:00,middle,same onset bin,2025-10-10 19:15:00+00:00,contraction,True,
ETH,2025-10-11 21:05:00+00:00,churn,same onset bin,2025-10-11 21:10:00+00:00,limited,True,
ETH,2025-10-14 06:40:00+00:00,middle,same onset bin,2025-10-14 06:45:00+00:00,intermediate,True,
ETH,2025-10-16 20:30:00+00:00,middle,same onset bin,2025-10-16 20:35:00+00:00,contraction,True,
ETH,2025-10-17 07:55:00+00:00,middle,same onset bin,2025-10-17 08:00:00+00:00,contraction,True,
ETH,2025-10-22 11:00:00+00:00,middle,same onset bin,2025-10-22 11:05:00+00:00,intermediate,True,
ETH,2025-10-22 21:00:00+00:00,middle,same onset bin,2025-10-22 21:05:00+00:00,intermediate,True,
ETH,2025-10-27 20:55:00+00:00,middle,same onset bin,2025-10-27 21:00:00+00:00,contraction,True,
ETH,2025-10-28 19:20:00+00:00,middle,same onset bin,2025-10-28 19:25:00+00:00,intermediate,True,
ETH,2025-10-29 18:35:00+00:00,middle,same onset bin,2025-10-29 18:40:00+00:00,intermediate,True,
ETH,2025-10-30 04:25:00+00:00,middle,same onset bin,2025-10-30 04:30:00+00:00,intermediate,True,
ETH,2025-10-30 12:45:00+00:00,churn,same onset bin,2025-10-30 12:50:00+00:00,limited,True,
ETH,2025-10-30 17:30:00+00:00,middle,same onset bin,2025-10-30 17:35:00+00:00,intermediate,True,
ETH,2025-10-30 19:40:00+00:00,middle,same onset bin,2025-10-30 19:45:00+00:00,intermediate,True,
ETH,2025-11-03 03:10:00+00:00,middle,same onset bin,2025-11-03 03:15:00+00:00,intermediate,True,
ETH,2025-11-03 10:55:00+00:00,middle,same onset bin,2025-11-03 11:00:00+00:00,intermediate,True,
ETH,2025-11-03 15:25:00+00:00,deleverage,same onset bin,2025-11-03 15:30:00+00:00,contraction,True,
ETH,2025-11-04 05:30:00+00:00,middle,same onset bin,2025-11-04 05:35:00+00:00,intermediate,True,
ETH,2025-11-04 17:15:00+00:00,churn,same onset bin,2025-11-04 17:20:00+00:00,intermediate,True,
ETH,2025-11-06 15:40:00+00:00,deleverage,same onset bin,2025-11-06 15:45:00+00:00,contraction,True,
ETH,2025-11-12 14:45:00+00:00,middle,same onset bin,2025-11-12 14:50:00+00:00,intermediate,True,
ETH,2025-11-14 04:35:00+00:00,middle,same onset bin,2025-11-14 04:40:00+00:00,intermediate,True,
ETH,2025-11-16 17:15:00+00:00,churn,same onset bin,2025-11-16 17:20:00+00:00,limited,True,
ETH,2025-11-16 23:00:00+00:00,middle,same onset bin,2025-11-16 23:05:00+00:00,intermediate,True,
ETH,2025-11-17 16:05:00+00:00,middle,same onset bin,2025-11-17 16:10:00+00:00,intermediate,True,
ETH,2025-11-18 03:00:00+00:00,middle,same onset bin,2025-11-18 03:05:00+00:00,intermediate,True,
ETH,2025-11-19 15:50:00+00:00,middle,same onset bin,2025-11-19 15:55:00+00:00,intermediate,True,
ETH,2025-11-19 18:20:00+00:00,deleverage,same onset bin,2025-11-19 18:25:00+00:00,contraction,True,
ETH,2025-11-20 16:00:00+00:00,middle,same onset bin,2025-11-20 16:05:00+00:00,intermediate,True,
ETH,2025-11-21 02:55:00+00:00,middle,same onset bin,2025-11-21 03:00:00+00:00,intermediate,True,
ETH,2025-11-21 07:30:00+00:00,deleverage,same onset bin,2025-11-21 07:35:00+00:00,contraction,True,
ETH,2025-11-21 12:20:00+00:00,deleverage,same onset bin,2025-11-21 12:25:00+00:00,contraction,True,
ETH,2025-12-01 00:05:00+00:00,deleverage,same onset bin,2025-12-01 00:10:00+00:00,intermediate,True,
ETH,2025-12-01 15:30:00+00:00,churn,same onset bin,2025-12-01 15:35:00+00:00,limited,True,
ETH,2025-12-04 14:50:00+00:00,churn,same onset bin,2025-12-04 14:55:00+00:00,limited,True,
ETH,2025-12-04 19:15:00+00:00,churn,same onset bin,2025-12-04 19:20:00+00:00,intermediate,True,
ETH,2025-12-05 16:40:00+00:00,deleverage,same onset bin,2025-12-05 16:45:00+00:00,contraction,True,
ETH,2025-12-05 19:00:00+00:00,middle,same onset bin,2025-12-05 19:05:00+00:00,intermediate,True,
ETH,2025-12-07 14:20:00+00:00,middle,same onset bin,2025-12-07 14:25:00+00:00,intermediate,True,
ETH,2025-12-07 22:05:00+00:00,churn,same onset bin,2025-12-07 22:10:00+00:00,limited,True,
ETH,2025-12-11 03:05:00+00:00,churn,same onset bin,2025-12-11 03:10:00+00:00,limited,True,
ETH,2025-12-12 15:25:00+00:00,middle,same onset bin,2025-12-12 15:30:00+00:00,intermediate,True,
ETH,2025-12-14 23:30:00+00:00,middle,same onset bin,2025-12-14 23:35:00+00:00,intermediate,True,
ETH,2025-12-15 14:55:00+00:00,middle,same onset bin,2025-12-15 15:00:00+00:00,intermediate,True,
ETH,2025-12-15 18:35:00+00:00,middle,same onset bin,2025-12-15 18:40:00+00:00,intermediate,True,
ETH,2025-12-16 04:45:00+00:00,middle,same onset bin,2025-12-16 04:50:00+00:00,intermediate,True,
ETH,2025-12-17 15:45:00+00:00,middle,same onset bin,2025-12-17 15:50:00+00:00,intermediate,True,
ETH,2025-12-18 17:10:00+00:00,middle,same onset bin,2025-12-18 17:15:00+00:00,intermediate,True,
ETH,2025-12-23 14:55:00+00:00,churn,same onset bin,2025-12-23 15:00:00+00:00,limited,True,
ETH,2025-12-29 12:10:00+00:00,middle,same onset bin,2025-12-29 12:15:00+00:00,intermediate,True,
BTC,,,new in corrected,2025-10-15 13:50:00+00:00,limited,True,
