t0,p0,liq_notional,doi_event,klass,peak_disloc,ttr_min,censored,perm_6h,perm_24h,transitory_share,session,venue,symbol,chain_end
2025-08-08 13:45:00+00:00,116728.33333333333,1172381.96078,-0.005880895044756599,middle,-0.006685921703470336,245.0,False,-0.002657840222790807,0.0025340169864305697,0.6024721286503771,eu_us_overlap,hyperliquid,BTC,2025-08-08 17:40:00+00:00
2025-08-09 04:30:00+00:00,116484.33333333333,595540.46703,-0.01327987487618732,middle,-0.0005137918883818953,15.0,False,0.011227240588968483,0.018509688404154564,1.0,asia,hyperliquid,BTC,2025-08-09 05:15:00+00:00
2025-08-09 21:25:00+00:00,116770.16666666667,246618.38897,-0.006701645837463624,middle,-0.0027499127609932417,25.0,False,0.013121813575694512,0.013096456677348989,1.0,us,hyperliquid,BTC,2025-08-09 21:35:00+00:00
2025-08-11 11:15:00+00:00,121113.66666666667,1706295.8553499999,-0.003558051237316451,churn,-0.013701871821798306,1440.0,True,-0.01042596143654345,-0.02205707326199324,0.23908488036234654,eu,hyperliquid,BTC,2025-08-11 13:10:00+00:00
2025-08-11 18:00:00+00:00,119704.5,25396539.14741,-0.02975105260100988,deleverage,-0.00795944821057255,1175.0,False,-0.007951027583404142,-0.0012956942971469603,0.001057941071495705,us,hyperliquid,BTC,2025-08-11 22:00:00+00:00
2025-08-12 20:15:00+00:00,119701.75,74102.22454000001,0.0030416828355911453,churn,0.0005407815155284407,115.0,False,-0.00434730056733491,0.025655569723481375,1.0,us,hyperliquid,BTC,2025-08-12 20:25:00+00:00
2025-08-13 15:15:00+00:00,121132.08333333333,1968885.77306,-0.01684622771495278,middle,-0.005219347047220418,20.0,False,0.014322652347434055,-0.02206563858085694,1.0,eu_us_overlap,hyperliquid,BTC,2025-08-13 15:30:00+00:00
2025-08-14 05:10:00+00:00,123214.33333333333,5848537.0820700005,-0.011427640300722198,middle,-0.014558598482893908,1440.0,True,-0.0190484811096066,-0.03664813428182982,0.0,asia,hyperliquid,BTC,2025-08-14 06:30:00+00:00
2025-08-14 10:40:00+00:00,121653.0,159065174.49339,-0.02328854383295484,middle,-0.024935751646247478,1440.0,True,-0.0321717252549739,-0.021860178968672712,0.0,eu,hyperliquid,BTC,2025-08-14 13:50:00+00:00
2025-08-14 16:05:00+00:00,118219.16666666667,34554892.40436,-0.023214472743692937,middle,-0.006148722388675714,80.0,False,-0.003505286935218982,-0.011268427755127082,0.4299162145172184,eu_us_overlap,hyperliquid,BTC,2025-08-14 18:30:00+00:00
2025-08-14 21:35:00+00:00,118010.0,443910.80327,-0.02592208451650932,deleverage,-0.0052633824497125255,15.0,False,0.009265475774796748,-0.006132655000071862,1.0,us,hyperliquid,BTC,2025-08-14 21:50:00+00:00
2025-08-15 13:50:00+00:00,118314.16666666667,23583019.20501,-0.009673182924088522,middle,-0.012764869950665942,1440.0,True,-0.012508083291889646,-0.005531657904765133,0.02011666862010597,eu_us_overlap,hyperliquid,BTC,2025-08-15 16:25:00+00:00
2025-08-18 01:25:00+00:00,117256.0,63404738.87658,-0.007304795044958519,middle,-0.016791796316605517,1440.0,True,-0.01692189623352509,-0.008844517232924868,0.0,asia,hyperliquid,BTC,2025-08-18 06:55:00+00:00
2025-08-18 09:10:00+00:00,115088.66666666667,4824454.68103,-0.022190175099555075,middle,-0.004180873217248578,30.0,False,0.0028791355012678307,0.001847590953698234,1.0,eu,hyperliquid,BTC,2025-08-18 09:35:00+00:00
2025-08-19 03:05:00+00:00,115766.66666666667,37552481.458639994,-0.02911926223181475,deleverage,-0.012675737341858702,620.0,False,-0.004225731272669135,-0.020430437342356535,0.6666283657744603,asia,hyperliquid,BTC,2025-08-19 04:15:00+00:00
2025-08-19 14:25:00+00:00,114861.66666666667,11934063.554459993,-0.018519765085248358,middle,-0.01141038310818828,1440.0,True,-0.014029201287719575,-0.014673935246904725,0.0,eu_us_overlap,hyperliquid,BTC,2025-08-19 19:10:00+00:00
2025-08-19 23:50:00+00:00,112891.33333333333,4455578.166359993,-0.009094087015139874,middle,-0.0034324832665841385,105.0,False,0.007159684090579807,0.011705086633127543,1.0,us,hyperliquid,BTC,2025-08-20 01:45:00+00:00
2025-08-20 14:05:00+00:00,112943.83333333333,2405984.7178999926,-0.022178997454173194,middle,-0.005569866171147552,20.0,False,0.011056273934137767,0.006597994832042993,1.0,eu_us_overlap,hyperliquid,BTC,2025-08-20 14:25:00+00:00
2025-08-21 11:45:00+00:00,113410.83333333333,632717.1182899926,-0.01528670148624878,middle,-0.0045100189269609335,95.0,False,-0.007863717123592285,-0.009446875498793013,0.0,eu,hyperliquid,BTC,2025-08-21 12:55:00+00:00
2025-08-21 15:10:00+00:00,113161.5,4036789.6079999926,0.006491621139624485,churn,-0.008769222103658849,665.0,False,-0.00622284508393181,0.02978317497625294,0.2903766137551237,eu_us_overlap,hyperliquid,BTC,2025-08-21 17:20:00+00:00
2025-08-21 19:25:00+00:00,112557.33333333333,4112327.1395199928,-0.006467097753540425,middle,-0.005236208676718753,85.0,False,0.0015816455514580884,0.03665354223126146,1.0,us,hyperliquid,BTC,2025-08-21 19:45:00+00:00
2025-08-22 12:05:00+00:00,112282.33333333333,9571972.335579991,-0.002381912406518666,churn,-0.0052848794384051925,35.0,False,0.0429890569690906,0.026785386956229992,1.0,eu,hyperliquid,BTC,2025-08-22 12:40:00+00:00
2025-08-23 02:30:00+00:00,116256.16666666667,1067765.7643799926,-0.020515352011811688,middle,-0.006677086324774046,1440.0,True,-0.004523236676736599,-0.0068069845713303505,0.32257328170911936,asia,hyperliquid,BTC,2025-08-23 02:45:00+00:00
2025-08-23 12:00:00+00:00,115448.5,3982137.0266699926,-0.02506090424798383,middle,-0.005898773934671913,510.0,False,-0.0019681802859333117,-0.005785509837527078,0.6663407840797715,eu,hyperliquid,BTC,2025-08-23 13:40:00+00:00
2025-08-24 14:00:00+00:00,114757.66666666667,2044310.5989099927,0.019323615945909887,churn,-0.0028113131254189705,20.0,False,-0.02045182875370936,-0.027977776446820226,0.0,eu_us_overlap,hyperliquid,BTC,2025-08-24 14:10:00+00:00
2025-08-24 17:00:00+00:00,114477.16666666667,421623.5612199925,-0.0061905472740908015,middle,-0.0009234633149934001,0.0,False,-0.008330287026866732,-0.01848495048515777,0.0,us,hyperliquid,BTC,2025-08-24 17:10:00+00:00
2025-08-24 19:30:00+00:00,114706.83333333333,271427335.611641,-0.02090805375407095,middle,-0.02950364866424405,1440.0,True,-0.014730751476997369,-0.027929088912774562,0.5007142457315863,us,hyperliquid,BTC,2025-08-24 19:45:00+00:00
2025-08-25 00:40:00+00:00,113238.16666666667,867092.13129,-0.0031545738252069353,churn,-0.008760289353847633,45.0,False,-0.009803144553893748,-0.034706354213374195,0.0,asia,hyperliquid,BTC,2025-08-25 00:50:00+00:00
2025-08-25 06:30:00+00:00,112388.5,32496730.60899,-0.044430345475184464,deleverage,-0.011350920611893427,485.0,False,-0.007591796277371636,-0.02048629385642385,0.33117352002118694,asia,hyperliquid,BTC,2025-08-25 08:15:00+00:00
2025-08-25 10:25:00+00:00,111679.0,15095557.63306,-0.01168939758162224,middle,-0.006265164064010671,120.0,False,0.009038622496224629,-0.012048582722610812,1.0,eu,hyperliquid,BTC,2025-08-25 10:45:00+00:00
2025-08-25 13:40:00+00:00,111503.91666666667,5915600.39663,-0.022044017063832407,middle,-0.007764472590207468,10.0,False,-0.0036065186959019064,-0.014566201959217248,0.535510151655318,eu_us_overlap,hyperliquid,BTC,2025-08-25 13:55:00+00:00
2025-08-25 19:15:00+00:00,112366.83333333333,25039112.901550002,-0.06657224753713634,deleverage,-0.026195927552290544,1440.0,True,-0.025027249805385902,-0.013243624855133158,0.044612955375288976,us,hyperliquid,BTC,2025-08-25 21:40:00+00:00
2025-08-26 00:40:00+00:00,109652.41666666667,9625955.23864,0.001337382127671779,churn,-0.0073768816219468005,25.0,False,0.003959989686872585,0.018630995202020623,1.0,asia,hyperliquid,BTC,2025-08-26 01:10:00+00:00
2025-08-27 20:20:00+00:00,111990.83333333333,923075.05486,-0.018600391409629845,middle,-0.007747830651816861,415.0,False,-0.003339175017850713,0.0010055290063231553,0.5690180686812406,us,hyperliquid,BTC,2025-08-27 22:10:00+00:00
2025-08-28 00:30:00+00:00,111312.5,797759.76411,-0.008501122398499065,middle,-0.003690124116265274,10.0,False,0.015139173699613841,0.009664545556044127,1.0,asia,hyperliquid,BTC,2025-08-28 00:40:00+00:00
2025-08-29 01:20:00+00:00,112050.58333333333,1452956.9650100002,-0.013712166062978369,middle,-0.006105883546420454,1440.0,True,-0.01642213883289033,-0.03558383136361808,0.0,asia,hyperliquid,BTC,2025-08-29 01:30:00+00:00
2025-08-29 06:15:00+00:00,111224.5,14069332.59271,-0.016536430198744057,middle,-0.011975270300015032,375.0,False,-0.009113141104188413,-0.02692719206205332,0.23900330632395206,asia,hyperliquid,BTC,2025-08-29 09:10:00+00:00
2025-08-29 13:45:00+00:00,110235.0,13670580.24379,0.02183696249003853,churn,-0.019553100667577546,1440.0,True,-0.014956855399194,-0.016237619241123675,0.23506477803824344,eu_us_overlap,hyperliquid,BTC,2025-08-29 15:05:00+00:00
2025-08-29 17:10:00+00:00,108621.33333333333,4736287.75778,-0.005095720145870295,middle,-0.00561160842920171,125.0,False,-0.0022011908831142206,0.002429043653532851,0.6077433215654081,us,hyperliquid,BTC,2025-08-29 21:10:00+00:00
2025-08-30 01:55:00+00:00,107950.5,10666673.2914,0.003192538029362197,churn,-0.005312812908969993,35.0,False,0.004731702395548858,0.013927507054777036,1.0,asia,hyperliquid,BTC,2025-08-30 02:05:00+00:00
2025-08-31 23:40:00+00:00,108426.25,2844971.68238,0.004744238220455956,churn,-0.007403318428452197,65.0,False,-0.004156607506529763,0.005814217144938337,0.43854805832000665,us,hyperliquid,BTC,2025-09-01 00:35:00+00:00
2025-09-01 02:45:00+00:00,107724.5,3729993.27603,-0.006218515758812652,middle,-0.0041581068459532545,140.0,False,0.01719189947249834,0.017976316968744833,1.0,asia,hyperliquid,BTC,2025-09-01 04:55:00+00:00
2025-09-01 10:35:00+00:00,108996.83333333333,1365542.0132699995,0.0012903081688802488,churn,-0.006889319845699182,90.0,False,-0.0005353270058066203,0.010655873439917885,0.9222961021121976,eu,hyperliquid,BTC,2025-09-01 10:45:00+00:00
2025-09-01 20:45:00+00:00,108890.0,13748078.568449998,-0.011660490554155842,middle,-0.013587159264790144,165.0,False,0.007215160653773502,0.021688883152951793,1.0,us,hyperliquid,BTC,2025-09-01 21:50:00+00:00
2025-09-02 12:40:00+00:00,109346.0,4487649.660809999,-0.03367426527446578,deleverage,-0.008610667448536054,35.0,False,0.00992352847956268,0.017752522066970127,1.0,eu,hyperliquid,BTC,2025-09-02 12:55:00+00:00
2025-09-04 05:00:00+00:00,111079.08333333333,1704656.6808199992,-0.01826401712419258,middle,-0.007333178204514513,310.0,False,-0.0035585982496020145,0.003293272072204066,0.5147263368819757,asia,hyperliquid,BTC,2025-09-04 06:55:00+00:00
2025-09-04 14:00:00+00:00,110509.58333333333,2925220.0613099993,0.00696364847747003,churn,-0.010662815449757206,385.0,False,-0.004353732539448177,0.020217064943604583,0.5916901535093799,eu_us_overlap,hyperliquid,BTC,2025-09-04 15:30:00+00:00
2025-09-05 14:15:00+00:00,112824.83333333333,10585136.75982,-0.0035203117766224334,churn,-0.022097780444044958,1440.0,True,-0.012857266876167617,-0.017491654163970017,0.41816478316796424,eu_us_overlap,hyperliquid,BTC,2025-09-05 15:10:00+00:00
2025-09-06 16:00:00+00:00,110568.5,635865.28261,0.001952877748214493,churn,-0.00551402800079922,565.0,False,-0.00363330350400283,0.006688355058892983,0.3410799684955883,eu_us_overlap,hyperliquid,BTC,2025-09-06 16:10:00+00:00
2025-09-09 02:05:00+00:00,111395.5,494256.79128,-0.00029801902576180215,churn,-0.002381745281651092,15.0,False,0.014446894047694354,-0.000350165209726495,1.0,asia,hyperliquid,BTC,2025-09-09 02:15:00+00:00
2025-09-09 14:35:00+00:00,112239.0,17342014.93358,0.020563916724294792,churn,-0.012827040102631849,1010.0,False,-0.009493508475705188,0.015782811310031848,0.2598831531089302,eu_us_overlap,hyperliquid,BTC,2025-09-09 15:50:00+00:00
2025-09-15 00:10:00+00:00,115213.66666666667,317506.52097,0.0040552209513773025,churn,-0.0033312474431215146,75.0,False,0.011965186587300359,7.232912064341202e-06,1.0,asia,hyperliquid,BTC,2025-09-15 00:20:00+00:00
2025-09-15 08:00:00+00:00,115819.5,29006608.42106,-0.005588120781340238,middle,-0.009891663697116804,1265.0,False,-0.010912419144712977,0.0007508868585120571,0.0,eu,hyperliquid,BTC,2025-09-15 09:10:00+00:00
2025-09-15 13:40:00+00:00,114868.83333333333,3730070.3916,0.004303798958535225,churn,-0.0037533369061722487,10.0,False,0.0043317875959121765,0.001788847004427188,1.0,eu_us_overlap,hyperliquid,BTC,2025-09-15 15:40:00+00:00
2025-09-17 14:25:00+00:00,116032.33333333333,640782.73895,-0.0061386539016956,middle,-0.004663295110448817,195.0,False,-0.00160284895734264,0.014580188743231939,0.6562840396372911,eu_us_overlap,hyperliquid,BTC,2025-09-17 14:40:00+00:00
2025-09-17 16:45:00+00:00,115580.5,1856786.57269,-0.008076792740036538,middle,-0.00610961862625226,140.0,False,0.0067344676835223395,0.017759607885118357,1.0,eu_us_overlap,hyperliquid,BTC,2025-09-17 18:55:00+00:00
2025-09-19 09:45:00+00:00,116886.33333333333,3834988.67868,-0.009161568381058457,middle,-0.004620549980104734,1440.0,True,-0.008228330848365956,-0.01042174027599664,0.0,eu,hyperliquid,BTC,2025-09-19 15:20:00+00:00
2025-09-19 18:10:00+00:00,115657.83333333333,1836201.1920099999,-0.02891729838322605,deleverage,-0.004170385089595772,215.0,False,9.222181081185923e-05,0.0004984728968540836,1.0,us,hyperliquid,BTC,2025-09-19 20:10:00+00:00
2025-09-21 15:45:00+00:00,115531.33333333333,159184.35724999994,-0.012934626614865122,middle,-0.002468464790148024,95.0,False,-0.0011330906219628016,-0.024124926359760438,0.5409735530824182,eu_us_overlap,hyperliquid,BTC,2025-09-21 17:35:00+00:00
2025-09-22 00:20:00+00:00,115336.16666666667,54687450.20608,-0.03579348981422481,deleverage,-0.009545177229455559,1440.0,True,-0.021547892675733277,-0.023250299953265906,0.0,asia,hyperliquid,BTC,2025-09-22 02:40:00+00:00
2025-09-22 05:55:00+00:00,114401.16666666667,364094573.28992796,-0.052840498455925075,deleverage,-0.021475833284934187,1440.0,True,-0.013744821957734866,-0.015030659303574617,0.3599865590604492,asia,hyperliquid,BTC,2025-09-22 06:10:00+00:00
2025-09-22 19:40:00+00:00,112428.33333333333,201312.08516,-0.01953639128007555,middle,-0.004214510699679552,50.0,False,-0.0016810005686900096,-0.007041051636514039,0.6011398028203312,us,hyperliquid,BTC,2025-09-22 19:50:00+00:00
2025-09-23 02:50:00+00:00,112031.66666666667,2741275.55018,-0.02030814984656508,middle,-0.004949822232536216,25.0,False,0.009672052795909679,-3.719255702976655e-05,1.0,asia,hyperliquid,BTC,2025-09-23 03:20:00+00:00
2025-09-23 17:40:00+00:00,112427.5,4049549.4037800003,-0.007093666824772442,middle,-0.007311357535086037,400.0,False,-0.0033678315130908133,0.012683010614476534,0.5393698780385,us,hyperliquid,BTC,2025-09-23 20:45:00+00:00
2025-09-24 03:35:00+00:00,111965.5,21134012.400250003,-0.0035385396921597317,churn,-0.007926621999580968,50.0,False,0.007119653090089775,0.004757989062090624,1.0,asia,hyperliquid,BTC,2025-09-24 04:20:00+00:00
2025-09-25 01:40:00+00:00,113039.5,2806833.3489699997,-0.0061232124117834175,middle,-0.007093424629341269,1440.0,True,-0.010887123612826906,-0.03092275111868752,0.0,asia,hyperliquid,BTC,2025-09-25 05:00:00+00:00
2025-09-25 07:05:00+00:00,111560.0,534424.20962,-0.012721982436842343,middle,-0.0009326685756974714,0.0,False,-0.0060283527771852,-0.019163265578706696,0.0,asia,hyperliquid,BTC,2025-09-25 07:15:00+00:00
2025-09-25 09:55:00+00:00,111861.0,13652859.97371,-0.005191951339387322,middle,-0.005472613681321507,1440.0,True,-0.003514989323992346,-0.02129138479704038,0.3577128720067887,eu,hyperliquid,BTC,2025-09-25 13:50:00+00:00
2025-09-25 17:00:00+00:00,111032.0,43051411.811620004,-0.023803391049412464,middle,-0.022142436512736882,1440.0,True,-0.012383624310735954,-0.014236423205195869,0.4407289232324282,us,hyperliquid,BTC,2025-09-25 20:05:00+00:00
2025-09-25 23:35:00+00:00,109421.91666666667,1301894.97425,-0.036723324742643074,deleverage,-0.005934273133229361,75.0,False,-0.0012200304425275333,0.0018952937956863653,0.794409455861428,us,hyperliquid,BTC,2025-09-25 23:45:00+00:00
2025-09-26 12:10:00+00:00,109037.5,183510.52771,-0.005417201497376955,middle,-0.002359769341917967,10.0,False,0.007865352785482943,0.001695226283371141,1.0,eu,hyperliquid,BTC,2025-09-26 12:20:00+00:00
2025-09-29 12:45:00+00:00,112200.16666666667,289091.13735,-0.01827068850208188,middle,-0.003076618803415331,30.0,False,0.0158569506949193,0.008434312452575744,1.0,eu,hyperliquid,BTC,2025-09-29 12:55:00+00:00
2025-09-29 17:00:00+00:00,113789.33333333333,267705.23705999996,0.0017042490292554567,churn,-0.0032554514235285776,5.0,False,0.004245912294962049,-0.008116501523466609,1.0,us,hyperliquid,BTC,2025-09-29 17:30:00+00:00
2025-09-30 04:50:00+00:00,114162.66666666667,260760.03557,-0.008937834210936827,middle,-0.0033356006158072053,880.0,False,-0.010426796801186626,0.0016352159947569255,0.0,asia,hyperliquid,BTC,2025-09-30 05:55:00+00:00
2025-09-30 08:30:00+00:00,113585.33333333333,4521143.16509,-0.02770971777243585,middle,-0.008162204131948276,315.0,False,-0.004268744337080615,0.013537934669732382,0.47701083333948824,eu,hyperliquid,BTC,2025-09-30 10:10:00+00:00
2025-09-30 14:40:00+00:00,113128.83333333333,226754.60112,-0.007149346232278547,middle,-0.0032789236976391426,145.0,False,0.01014616595159888,0.03617762992660174,1.0,eu_us_overlap,hyperliquid,BTC,2025-09-30 14:50:00+00:00
2025-10-02 03:30:00+00:00,118830.16666666667,72709.6257,-0.0008145172172609544,churn,-0.004095440312558501,375.0,False,-0.001926168826386737,0.011698795956653458,0.5296796731525499,asia,hyperliquid,BTC,2025-10-02 03:40:00+00:00
2025-10-03 08:10:00+00:00,119676.0,618016.39488,-0.003531139619091584,churn,-0.0034863000421033697,15.0,False,0.0050384238710336655,0.023881966165588162,1.0,eu,hyperliquid,BTC,2025-10-03 08:25:00+00:00
2025-10-03 17:00:00+00:00,123401.83333333333,2767432.95998,-0.01812101723904334,middle,-0.014503427688900344,1440.0,True,-0.0073553465818024955,-0.01244593632137111,0.4928546037822745,us,hyperliquid,BTC,2025-10-03 18:15:00+00:00
2025-10-04 16:15:00+00:00,121926.91666666667,47642.274880000004,0.003547618972790387,churn,-0.002088812548507746,15.0,False,0.0027403719413385554,0.009660504540738286,1.0,eu_us_overlap,hyperliquid,BTC,2025-10-04 16:25:00+00:00
2025-10-05 09:25:00+00:00,124581.66666666667,7789958.26328,-0.02742026969778164,middle,-0.01525985693056059,1440.0,True,-0.012886864769664608,-0.004700053909407155,0.15550553138828205,eu,hyperliquid,BTC,2025-10-05 10:20:00+00:00
2025-10-05 16:50:00+00:00,123058.33333333333,4193351.76857,-0.009678571925271943,middle,-0.004396458701216819,0.0,False,0.0014305466734508764,0.018231917124023018,1.0,eu_us_overlap,hyperliquid,BTC,2025-10-05 17:00:00+00:00
2025-10-05 19:10:00+00:00,123052.16666666667,1405019.94482,-0.00606755401611557,middle,-0.0037262235423386907,80.0,False,0.004696982222198024,0.021691400414618586,1.0,us,hyperliquid,BTC,2025-10-05 20:05:00+00:00
2025-10-06 21:20:00+00:00,125239.5,308401.76991000003,-0.024822644447933303,middle,-0.004256908891694747,35.0,False,-0.007509793170376949,-0.024622050282102462,0.0,us,hyperliquid,BTC,2025-10-06 21:30:00+00:00
2025-10-07 01:20:00+00:00,124961.0,441850.97089,-0.013428922661353645,middle,-0.005629567813743248,685.0,False,-0.0092979800803671,-0.02381262521596062,0.0,asia,hyperliquid,BTC,2025-10-07 03:35:00+00:00
2025-10-07 06:25:00+00:00,124389.5,3709326.4861099995,-0.01790169658908128,middle,-0.007909677676717134,225.0,False,0.0008678637837950461,-0.023919233078906275,1.0,asia,hyperliquid,BTC,2025-10-07 08:30:00+00:00
2025-10-07 13:45:00+00:00,124584.83333333333,17479089.36491,-0.007505433812595889,middle,-0.024254018416576116,1440.0,True,-0.02459947423662406,-0.019405573790137427,0.0,eu_us_overlap,hyperliquid,BTC,2025-10-07 18:50:00+00:00
2025-10-08 04:10:00+00:00,121402.33333333333,64205.29795,0.0012936028069523433,churn,-0.002266388816555357,115.0,False,0.010285819798287528,0.005005203936558934,1.0,asia,hyperliquid,BTC,2025-10-08 04:10:00+00:00
2025-10-08 13:45:00+00:00,122497.66666666667,70360.74304999999,-0.02484188389607688,middle,-0.006315257332583856,10.0,False,0.008873607774374428,0.0030145567802543154,1.0,eu_us_overlap,hyperliquid,BTC,2025-10-08 13:55:00+00:00
2025-10-09 01:05:00+00:00,123038.66666666667,11166407.94868,-0.04280925140753927,deleverage,-0.012366323119694073,655.0,False,-0.007949075563001682,-0.010754805354626239,0.35719975241934876,asia,hyperliquid,BTC,2025-10-09 03:05:00+00:00
2025-10-09 08:15:00+00:00,121896.66666666667,15399652.964979999,0.0013274830980515018,churn,-0.006140116926027781,75.0,False,0.0026367351458463713,-0.0057274922559467575,1.0,eu,hyperliquid,BTC,2025-10-09 09:00:00+00:00
2025-10-09 14:00:00+00:00,122861.33333333333,31728549.775079995,-0.013313532864323541,middle,-0.016882811675171232,1440.0,True,-0.014625511703115388,-0.008868950721726455,0.13370403079100568,eu_us_overlap,hyperliquid,BTC,2025-10-09 17:10:00+00:00
2025-10-10 14:55:00+00:00,121262.25,1726069604.5004368,-0.01607979375024501,middle,-0.025065737286136695,1440.0,True,-0.058765971123787286,-0.08021143338417834,0.0,eu_us_overlap,hyperliquid,BTC,2025-10-11 04:45:00+00:00
2025-10-11 07:00:00+00:00,112137.33333333333,3268158.757879762,-0.013390686256515875,middle,-0.018031044318962307,205.0,False,0.0013204243614037998,-0.0042612928622567554,1.0,asia,hyperliquid,BTC,2025-10-11 08:05:00+00:00
2025-10-11 19:20:00+00:00,111672.66666666667,7379374.138849761,0.0018421064141645438,churn,-0.018848656142059515,565.0,False,-0.016651914820409473,0.022777668633316303,0.11654630999120197,us,hyperliquid,BTC,2025-10-11 21:15:00+00:00
2025-10-12 00:50:00+00:00,109952.5,553359.9616197615,0.0035629944051131257,churn,-0.0036445679393400285,15.0,False,0.015683198868952024,0.04780548830980818,1.0,asia,hyperliquid,BTC,2025-10-12 01:05:00+00:00
2025-10-13 11:05:00+00:00,114772.66666666667,4919978.044049762,-0.016434629945057035,middle,-0.010036606567561474,100.0,False,-0.00037617655469374226,-0.03281523570056869,0.9625195476019203,eu,hyperliquid,BTC,2025-10-13 11:40:00+00:00
2025-10-14 01:45:00+00:00,114526.33333333333,8142878.232839761,-0.009177829417642907,middle,-0.01206831559545337,1440.0,True,-0.026775706800603746,-0.017767119471967616,0.0,asia,hyperliquid,BTC,2025-10-14 06:55:00+00:00
2025-10-14 09:45:00+00:00,111690.0,4698701.319159762,-0.02504021000679924,middle,-0.014528886711289836,270.0,False,0.0037488956973716144,0.008483032529693362,1.0,eu,hyperliquid,BTC,2025-10-14 10:40:00+00:00
2025-10-14 13:35:00+00:00,110540.16666666667,3255842.6909297616,-0.0252079375956742,middle,-0.00642702855851061,0.0,False,0.020605225050082353,0.009421120734273175,1.0,eu_us_overlap,hyperliquid,BTC,2025-10-14 13:45:00+00:00
2025-10-15 03:40:00+00:00,112226.33333333333,749559.1917197616,-0.013741076954219918,middle,-0.004365295077484791,40.0,False,0.0032041495982787545,-0.005726552301072192,1.0,asia,hyperliquid,BTC,2025-10-15 03:50:00+00:00
2025-10-15 11:15:00+00:00,112324.83333333333,6796565.265869762,-0.030630897881796543,deleverage,-0.008281108754017634,1440.0,True,-0.016836568244909447,-0.008460660503558527,0.0,eu,hyperliquid,BTC,2025-10-15 17:20:00+00:00
2025-10-16 09:30:00+00:00,110772.5,23368979.81563976,-0.024972598239231026,middle,-0.01027171675826214,15.0,False,-0.006620981191644068,-0.05033754775504052,0.3554163001702294,eu,hyperliquid,BTC,2025-10-16 09:50:00+00:00
2025-10-16 14:05:00+00:00,111044.16666666667,46283069.80216976,0.01244973205623026,churn,-0.02533685810486908,1440.0,True,-0.025507748142164898,-0.051458802530514255,0.0,eu_us_overlap,hyperliquid,BTC,2025-10-16 16:40:00+00:00
2025-10-16 20:30:00+00:00,108109.33333333333,2128413.8556697615,-0.013229265178747361,middle,-0.0060197225429638995,45.0,False,0.00422443319255136,-0.010384322179613714,1.0,us,hyperliquid,BTC,2025-10-16 20:40:00+00:00
2025-10-17 06:25:00+00:00,108258.33333333333,26970241.63659976,-0.06875423988889788,deleverage,-0.03487883262876667,1440.0,True,-0.024866709801220032,-0.013361129086481502,0.28705441303356694,asia,hyperliquid,BTC,2025-10-17 10:30:00+00:00
2025-10-17 14:30:00+00:00,105353.83333333333,2793720.340839763,-0.0028557360181299916,churn,-0.0067843037673715415,10.0,False,0.015434212311398679,0.014630094436756804,1.0,eu_us_overlap,hyperliquid,BTC,2025-10-17 14:40:00+00:00
2025-10-17 16:55:00+00:00,106652.0,612478.9302097633,-0.019406989412331398,middle,-0.005259842580410268,65.0,False,0.0029725494277227198,-0.00022974547584521236,1.0,eu_us_overlap,hyperliquid,BTC,2025-10-17 17:05:00+00:00
2025-10-20 00:20:00+00:00,108294.41666666667,2550600.9852397637,-0.02120371522251871,middle,-0.008484309730573604,50.0,False,0.02599555258199237,0.017102950072211315,1.0,asia,hyperliquid,BTC,2025-10-20 00:35:00+00:00
2025-10-20 16:45:00+00:00,110816.16666666667,1610622.4792497633,0.0005845847728679563,churn,-0.008643088322726564,110.0,False,-0.0008185067223941837,0.02397862168368866,0.9052992759264115,eu_us_overlap,hyperliquid,BTC,2025-10-20 17:45:00+00:00
2025-10-21 01:55:00+00:00,110099.83333333333,5337751.454869763,-0.0018395453992883979,churn,-0.009315139600192483,740.0,False,-0.01888137312283991,-0.016376195063648208,0.0,asia,hyperliquid,BTC,2025-10-21 05:05:00+00:00
2025-10-21 17:00:00+00:00,113367.66666666667,30127017.067979764,-0.0001721781952687538,churn,-0.017145408060359205,1440.0,True,-0.03784443082523991,-0.047704391761021654,0.0,us,hyperliquid,BTC,2025-10-22 00:35:00+00:00
2025-10-22 11:00:00+00:00,107767.33333333333,29565996.350199766,-0.03397489680874043,deleverage,-0.009948737916564416,0.0,False,0.0029572502312267992,0.01594540078717806,1.0,eu,hyperliquid,BTC,2025-10-22 11:10:00+00:00
2025-10-22 21:00:00+00:00,107671.33333333333,8550204.195659764,-0.011185258534585655,middle,-0.00919812322814979,140.0,False,0.007118258196053143,0.017986634416877884,1.0,us,hyperliquid,BTC,2025-10-22 21:20:00+00:00
2025-10-23 20:10:00+00:00,110272.0,1396255.2057897653,-0.02931580840199551,deleverage,-0.007952862163319049,240.0,False,0.0015178188010759543,0.003959612651855575,1.0,us,hyperliquid,BTC,2025-10-23 21:05:00+00:00
2025-10-24 13:45:00+00:00,111199.5,3435092.9233897654,0.007095272807219304,churn,-0.011750474413732262,485.0,False,-0.0042807512964591595,0.0034741894845921285,0.6356954497550811,eu_us_overlap,hyperliquid,BTC,2025-10-24 14:35:00+00:00
2025-10-27 13:40:00+00:00,115104.33333333333,545965.2836697653,-0.0024856084889992125,churn,-0.004500240152921166,45.0,False,-0.0009111829131038626,1.0135680564021547e-05,0.7975257137083225,eu_us_overlap,hyperliquid,BTC,2025-10-27 13:45:00+00:00
2025-10-27 21:20:00+00:00,114531.83333333333,8761265.951779764,-0.029848475899503266,deleverage,-0.005887572576761719,260.0,False,-0.00531685644424753,-0.017077698705068565,0.09693572776780846,us,hyperliquid,BTC,2025-10-28 03:00:00+00:00
2025-10-28 05:55:00+00:00,113803.83333333333,2182676.2502597654,-0.004640164707562209,churn,-0.0020612216293295917,5.0,False,0.004923254084622145,-0.00646468797527046,1.0,asia,hyperliquid,BTC,2025-10-28 06:05:00+00:00
2025-10-28 14:45:00+00:00,115596.5,1047986.2225597654,-0.029187665880320846,middle,-0.010417711991691992,145.0,False,-0.025203247152778992,-0.02625952277024934,0.0,eu_us_overlap,hyperliquid,BTC,2025-10-28 14:55:00+00:00
2025-10-28 19:20:00+00:00,114835.0,8726299.343239766,-0.10323835770060732,deleverage,-0.022905883013091904,1440.0,True,-0.022968254372184055,-0.033412213533267295,0.0,us,hyperliquid,BTC,2025-10-28 21:15:00+00:00
2025-10-29 15:05:00+00:00,112503.66666666667,13054146.223349765,-0.014518959799994754,middle,-0.013685368515252505,1440.0,True,-0.008311209894693602,-0.04077588597499101,0.39269374548221625,eu_us_overlap,hyperliquid,BTC,2025-10-29 16:20:00+00:00
2025-10-29 18:35:00+00:00,111485.0,50351989.50189976,0.0015364041275187502,churn,-0.017481602279994735,35.0,False,-0.009440302622418793,-0.04098178214322163,0.45998642051124183,us,hyperliquid,BTC,2025-10-29 18:50:00+00:00
2025-10-29 23:35:00+00:00,110683.5,6890513.855499761,-0.0032208841060081526,churn,-0.007918624196173625,65.0,False,-0.012839166162285899,-0.023021560656024443,0.0,us,hyperliquid,BTC,2025-10-29 23:50:00+00:00
2025-10-30 04:15:00+00:00,110563.5,76338875.01717976,-0.052932211786366125,deleverage,-0.02283398464403849,100.0,False,-0.005068742490528945,-0.011699497989480296,0.7780176097362711,asia,hyperliquid,BTC,2025-10-30 04:40:00+00:00
2025-10-30 09:20:00+00:00,110617.41666666667,748874.5674497617,0.002450907914470974,churn,-0.007184808523650349,1440.0,True,-0.024590049613817475,-0.004565899056857707,0.0,eu,hyperliquid,BTC,2025-10-30 09:30:00+00:00
2025-10-30 12:05:00+00:00,109922.5,39310493.78199977,-0.0637865030702185,deleverage,-0.022466136264331128,780.0,False,-0.023769547195480908,0.003596064554241652,0.0,eu,hyperliquid,BTC,2025-10-30 19:50:00+00:00
2025-10-31 16:50:00+00:00,109892.83333333333,4133344.1143697617,-0.009168513611679875,middle,-0.011774390106478898,155.0,False,-0.0027367069700676675,0.005641085582883621,0.7675712333871302,eu_us_overlap,hyperliquid,BTC,2025-10-31 17:05:00+00:00
2025-11-03 02:30:00+00:00,109511.5,8059210.049849761,-0.013967092623417932,middle,-0.018738739008043896,1440.0,True,-0.02094626598499251,-0.02481886300904336,0.0,asia,hyperliquid,BTC,2025-11-03 04:15:00+00:00
2025-11-03 06:45:00+00:00,107423.83333333333,11559346.830749761,-0.0011563185071283588,churn,-0.0037756805202992984,125.0,False,0.004529377439687156,-0.02714055572704038,1.0,asia,hyperliquid,BTC,2025-11-03 06:55:00+00:00
2025-11-03 10:55:00+00:00,107343.33333333333,4119187.0102497595,-0.0019128188261963428,churn,-0.0037411133960743494,5.0,False,-0.0058378936420504565,-0.03387960065269586,0.0,eu,hyperliquid,BTC,2025-11-03 11:05:00+00:00
2025-11-03 15:25:00+00:00,107713.33333333333,80435679.83509976,-0.06527217980905431,deleverage,-0.022341869984543114,140.0,False,-0.010600957145501633,-0.030372433886542184,0.5255116446011123,eu_us_overlap,hyperliquid,BTC,2025-11-03 16:10:00+00:00
2025-11-03 20:40:00+00:00,106746.25,1225433.7480097616,-0.012975490713882855,middle,-0.008058425136064893,180.0,False,-0.0010708683843653358,-0.05499248001299378,0.8671119522383173,us,hyperliquid,BTC,2025-11-03 20:50:00+00:00
2025-11-04 04:50:00+00:00,106861.33333333333,14008379.305579761,-0.010120116696748848,middle,-0.025733482071076078,1440.0,True,-0.029755135116257075,-0.047535196848538,0.0,asia,hyperliquid,BTC,2025-11-04 09:15:00+00:00
2025-11-04 14:30:00+00:00,103861.16666666667,31633112.405539762,-0.013005209201168341,middle,-0.012977661729049688,1440.0,True,-0.03614140617877489,-0.013519155533395987,0.0,eu_us_overlap,hyperliquid,BTC,2025-11-04 21:45:00+00:00
2025-11-05 01:15:00+00:00,100348.66666666667,6025148.928239761,-0.0179525962693857,middle,-0.013919902715839259,35.0,False,0.015561932240761226,0.026946754640931794,1.0,asia,hyperliquid,BTC,2025-11-05 01:35:00+00:00
2025-11-06 10:05:00+00:00,102922.33333333333,1541348.3513297616,-0.010543470500798435,middle,-0.002625160715641845,5.0,False,-0.007282735483706248,-0.01858190147877095,0.0,eu,hyperliquid,BTC,2025-11-06 10:10:00+00:00
2025-11-06 12:40:00+00:00,102879.66666666667,55577869.053439766,-0.02987898983528727,middle,-0.004941898612684442,125.0,False,-0.012393461390633582,-0.03127900410926,0.0,eu,hyperliquid,BTC,2025-11-06 16:50:00+00:00
2025-11-07 09:30:00+00:00,101198.5,12300241.720709769,-0.015093373632843552,middle,-0.014241455630215696,340.0,False,-0.004903378785534047,0.013076380682456935,0.6556967972339368,eu,hyperliquid,BTC,2025-11-07 13:05:00+00:00
2025-11-08 14:15:00+00:00,101768.66666666667,1752148.767549769,-0.014694588814452694,middle,-0.0030819849793572223,5.0,False,0.0023342730639514587,0.01369038843666638,1.0,eu_us_overlap,hyperliquid,BTC,2025-11-08 14:15:00+00:00
2025-11-10 14:50:00+00:00,105885.33333333333,6694171.268369769,-0.036322183721216414,deleverage,-0.011228976818914086,175.0,False,0.001483209571931769,-0.019154054075473232,1.0,eu_us_overlap,hyperliquid,BTC,2025-11-10 15:05:00+00:00
2025-11-11 05:10:00+00:00,105709.0,1921139.982179769,-0.022319516861411468,middle,-0.007973315865674705,1440.0,True,-0.003976336824526815,-0.022951019240682196,0.5012944562192714,asia,hyperliquid,BTC,2025-11-11 06:15:00+00:00
2025-11-11 12:40:00+00:00,105002.0,7825470.087009769,-0.015942767508915223,middle,-0.008709077565416062,1235.0,False,-0.018023007591561002,-0.001348502199703689,0.0,eu,hyperliquid,BTC,2025-11-11 17:50:00+00:00
2025-11-11 20:30:00+00:00,103002.16666666667,1505887.860509769,0.00011869050767766879,churn,-0.005311705351562034,110.0,False,-0.0006085865926519064,-0.012413033997139472,0.8854253855641792,us,hyperliquid,BTC,2025-11-11 21:45:00+00:00
2025-11-12 14:45:00+00:00,104764.33333333333,10313017.43904977,0.0008916708469051762,churn,-0.03250716478253776,1440.0,True,-0.03061571563500696,-0.026769982085440985,0.058185608009310386,eu_us_overlap,hyperliquid,BTC,2025-11-12 16:20:00+00:00
2025-11-12 19:05:00+00:00,101559.5,3870003.9006497688,-0.013711459091202267,middle,-0.007030400855494889,35.0,False,0.0034403309124534497,-0.03186320949372036,1.0,us,hyperliquid,BTC,2025-11-12 19:35:00+00:00
2025-11-13 15:35:00+00:00,102333.83333333333,28036648.83034977,-0.03527475937612218,deleverage,-0.022815191419518897,1440.0,True,-0.03754948017737922,-0.056539045580541576,0.0,eu_us_overlap,hyperliquid,BTC,2025-11-13 20:30:00+00:00
2025-11-14 00:05:00+00:00,100080.41666666667,3657690.5631297715,-0.046699391447438315,deleverage,-0.013053565926812703,1440.0,True,-0.02894100674719139,-0.04883404651097256,0.0,asia,hyperliquid,BTC,2025-11-14 00:25:00+00:00
2025-11-14 04:30:00+00:00,98915.16666666667,68905784.25108977,-0.061713029834190976,deleverage,-0.021362518995099545,1440.0,True,-0.01985577188994393,-0.029575904584789148,0.0705322769052309,asia,hyperliquid,BTC,2025-11-14 06:55:00+00:00
2025-11-14 11:35:00+00:00,96527.16666666667,48337863.91160977,-0.04777861304133596,deleverage,-0.020045455435990966,180.0,False,-0.00012087137918599658,-0.007045235593532471,0.993970135546585,eu,hyperliquid,BTC,2025-11-14 12:50:00+00:00
2025-11-14 17:50:00+00:00,96472.66666666667,10754271.389899768,-0.046840145076623915,deleverage,-0.01691558265819103,545.0,False,-0.018149812107243694,-0.002690040779101563,0.0,us,hyperliquid,BTC,2025-11-14 20:50:00+00:00
2025-11-14 23:05:00+00:00,95242.33333333333,9110030.95797977,0.01972504279400539,churn,-0.011206058103927535,60.0,False,0.009479750984695546,0.002623189542748673,1.0,us,hyperliquid,BTC,2025-11-14 23:15:00+00:00
2025-11-15 20:50:00+00:00,95584.66666666667,2254617.271639769,-0.007061286495104471,middle,-0.004846882049824987,85.0,False,0.0030171975160704235,-0.014395863719011616,1.0,us,hyperliquid,BTC,2025-11-15 21:00:00+00:00
2025-11-16 01:40:00+00:00,95306.33333333333,1389865.9585797691,-0.002744675391391875,churn,-0.004256753652415379,10.0,False,0.006183647472826828,-0.0038353528044312536,1.0,asia,hyperliquid,BTC,2025-11-16 01:50:00+00:00
2025-11-16 13:35:00+00:00,95714.33333333333,1244031.9760497692,-0.015717972532285122,middle,-0.005908212252914499,65.0,False,-0.015263400193152,-0.016420390026069816,0.0,eu_us_overlap,hyperliquid,BTC,2025-11-16 13:35:00+00:00
2025-11-16 15:50:00+00:00,95447.33333333333,14788406.73448977,-0.006110632828024713,middle,-0.015200045621963795,140.0,False,-0.02020149569447655,-0.012703364378180737,0.0,eu_us_overlap,hyperliquid,BTC,2025-11-16 18:55:00+00:00
2025-11-16 21:05:00+00:00,94271.83333333333,9648966.18824977,0.0039511851316349515,churn,-0.013169066922256363,105.0,False,0.009991797744543828,-0.021978317406599744,1.0,us,hyperliquid,BTC,2025-11-16 22:15:00+00:00
2025-11-17 13:30:00+00:00,95016.91666666667,2270820.210379769,-0.025302394247830512,middle,-0.014752163646305681,65.0,False,-0.03184797815106429,-0.04062731130080752,0.0,eu_us_overlap,hyperliquid,BTC,2025-11-17 13:40:00+00:00
2025-11-17 16:15:00+00:00,93856.16666666667,39367932.50868977,-0.012229010306253053,middle,-0.012400389749432379,1440.0,True,-0.018752812470320082,-0.003700433152086587,0.0,eu_us_overlap,hyperliquid,BTC,2025-11-17 20:10:00+00:00
2025-11-18 02:10:00+00:00,91677.41666666667,31964361.80412977,-0.0882925856809525,deleverage,-0.020796895783776536,475.0,False,-0.00913782907244712,0.01130273158732036,0.5606157203722945,asia,hyperliquid,BTC,2025-11-18 04:55:00+00:00
2025-11-19 05:05:00+00:00,91343.66666666667,2786321.702559769,-0.024862230731013554,middle,-0.014258325928993803,120.0,False,0.002163471364071099,0.018620869273388418,1.0,asia,hyperliquid,BTC,2025-11-19 05:55:00+00:00
2025-11-19 15:50:00+00:00,90888.91666666667,5871579.202319769,-0.0010505203750699353,churn,-0.022255289567815337,435.0,False,-0.002847263901484274,-0.007215145404881936,0.8720634978570727,eu_us_overlap,hyperliquid,BTC,2025-11-19 19:45:00+00:00
2025-11-20 14:05:00+00:00,91692.83333333333,18641451.711819768,-0.00839789551513359,middle,-0.03012812907936403,1440.0,True,-0.0564806552868298,-0.0867647009806277,0.0,eu_us_overlap,hyperliquid,BTC,2025-11-20 19:10:00+00:00
2025-11-21 02:15:00+00:00,86944.16666666667,12057823.60205977,-0.043306716739200155,deleverage,-0.01721186929566129,1440.0,True,-0.029337439455316704,-0.02674694829764877,0.0,asia,hyperliquid,BTC,2025-11-21 03:05:00+00:00
2025-11-21 07:20:00+00:00,85536.16666666667,246853792.39191675,-0.08212799227075711,deleverage,-0.026460727724681388,615.0,False,-0.021180732699014285,-0.011980674939452079,0.1995408093308847,asia,hyperliquid,BTC,2025-11-21 10:10:00+00:00
2025-11-21 12:20:00+00:00,82189.08333333333,21494665.011683762,-0.02708110569700506,middle,-0.01804230530435195,15.0,False,0.015830132784046977,0.01873606867412825,1.0,eu,hyperliquid,BTC,2025-11-21 12:35:00+00:00
2025-11-21 15:25:00+00:00,84366.66666666667,3473989.7637797617,-0.043815133869642725,deleverage,-0.02325325978155847,85.0,False,0.006825723171951822,0.0005075756263327405,1.0,eu_us_overlap,hyperliquid,BTC,2025-11-21 15:40:00+00:00
2025-11-24 09:25:00+00:00,86540.66666666667,2697259.0651097614,-0.02762329371874966,middle,-0.009790784684169144,240.0,False,-0.004866960002210419,0.001129851189654585,0.5029039899039067,eu,hyperliquid,BTC,2025-11-24 09:30:00+00:00
2025-11-24 14:50:00+00:00,85962.0,3062035.6462097615,-0.003145264781290822,churn,-0.007748468790412904,5.0,False,0.03542180419046875,0.005423714580176546,1.0,eu_us_overlap,hyperliquid,BTC,2025-11-24 14:55:00+00:00
2025-11-25 08:50:00+00:00,87377.16666666667,10614311.294489762,-0.04855280531803284,deleverage,-0.008489708052571538,125.0,False,-0.010904944856577172,0.0007588729385547704,0.0,eu,hyperliquid,BTC,2025-11-25 09:00:00+00:00
2025-11-25 14:45:00+00:00,86942.33333333333,6691617.655959762,-0.00937284611872613,middle,-0.010124810373925945,45.0,False,0.004260026432272298,0.006433728930452877,1.0,eu_us_overlap,hyperliquid,BTC,2025-11-25 14:55:00+00:00
2025-11-28 16:25:00+00:00,91920.83333333333,2891709.8697497617,-0.07965080134350087,deleverage,-0.018914902135220575,1440.0,True,-0.012086712193577143,-0.011833486314741253,0.360995256165189,eu_us_overlap,hyperliquid,BTC,2025-11-28 17:40:00+00:00
2025-11-30 23:55:00+00:00,90565.16666666667,25052059.18673976,-0.03861834741498362,middle,-0.040638671887895765,1440.0,True,-0.052402833009821286,-0.04857036503220411,0.0,us,hyperliquid,BTC,2025-12-01 04:30:00+00:00
2025-12-01 12:40:00+00:00,85801.25,78207376.23287977,-0.012118600260510901,middle,-0.01225113566761103,20.0,False,-0.013053756029976037,0.017368432756477634,0.0,eu,hyperliquid,BTC,2025-12-01 12:55:00+00:00
2025-12-01 15:25:00+00:00,85732.83333333333,23850019.98154977,-0.018361136176157606,middle,-0.021771176954882225,280.0,False,0.005161647050798605,0.04984521232250344,1.0,eu_us_overlap,hyperliquid,BTC,2025-12-01 15:50:00+00:00
2025-12-03 14:00:00+00:00,93094.66666666667,4946241.083309769,-0.005234418689741291,middle,-0.015056350096814816,40.0,False,-0.0016035966996243872,-0.0056787884449605065,0.8934936628523517,eu_us_overlap,hyperliquid,BTC,2025-12-03 16:20:00+00:00
2025-12-04 14:50:00+00:00,92599.83333333333,2771781.038679769,-0.002832663129677016,churn,-0.008560671623879038,20.0,False,-0.002079197609706456,-0.02553201417566775,0.757122139353323,eu_us_overlap,hyperliquid,BTC,2025-12-04 15:00:00+00:00
2025-12-04 19:10:00+00:00,91982.83333333333,21190564.29114977,-0.02992589141899705,middle,-0.011643964053197368,35.0,False,0.0038592071971350877,-0.03248818159350398,1.0,us,hyperliquid,BTC,2025-12-04 19:30:00+00:00
2025-12-05 09:35:00+00:00,91536.66666666667,3528004.930329769,-0.0013840870435961861,churn,-0.006270300094583455,65.0,False,-0.0050617677098924,-0.02175825446837401,0.19273916183613526,eu,hyperliquid,BTC,2025-12-05 09:50:00+00:00
2025-12-05 13:25:00+00:00,91107.83333333333,22071644.764139768,-0.018833220226599688,middle,-0.012550833151063385,100.0,False,-0.019555295327697335,-0.01616962809003941,0.0,eu_us_overlap,hyperliquid,BTC,2025-12-05 16:50:00+00:00
2025-12-07 14:20:00+00:00,88896.83333333333,17361081.62467977,-0.04096506329969651,middle,-0.01280803641407295,50.0,False,0.028036973718858202,0.026805692456351844,1.0,eu_us_overlap,hyperliquid,BTC,2025-12-07 14:40:00+00:00
2025-12-07 21:50:00+00:00,90681.0,5380627.933009769,-0.05197729317158489,deleverage,-0.018604747759856342,200.0,False,0.003824790928730814,0.006501684041809688,1.0,us,hyperliquid,BTC,2025-12-07 22:15:00+00:00
2025-12-08 14:35:00+00:00,91422.25,3802792.513769769,-0.014237623761965641,middle,-0.01998290600886973,1440.0,True,-0.009989873431410055,-0.010874110309750147,0.5000790462120028,eu_us_overlap,hyperliquid,BTC,2025-12-08 15:35:00+00:00
2025-12-09 20:20:00+00:00,93607.83333333333,5630152.402659769,-0.013924379867076205,middle,-0.014660568197443422,1430.0,False,-0.011608171808876033,-0.0026028821096365194,0.2082045080012438,us,hyperliquid,BTC,2025-12-09 20:35:00+00:00
2025-12-10 00:45:00+00:00,92438.0,1976914.3214397691,-0.03393616889848116,middle,-0.005255135025350115,95.0,False,0.002253025922729198,-0.015233687062237725,1.0,asia,hyperliquid,BTC,2025-12-10 00:55:00+00:00
2025-12-10 11:45:00+00:00,92208.5,1875112.4195897689,-0.006157718211656866,middle,-0.004663356060732563,95.0,False,0.002350597397185595,-0.021961916383203002,1.0,eu,hyperliquid,BTC,2025-12-10 11:55:00+00:00
2025-12-10 20:50:00+00:00,93513.0,31026338.57723977,-0.048168157329789074,deleverage,-0.018068864377726115,1440.0,True,-0.038051933373241545,-0.02066373388251755,0.0,us,hyperliquid,BTC,2025-12-10 21:00:00+00:00
2025-12-11 00:35:00+00:00,91790.66666666667,11778256.106599769,-0.031405019164411165,middle,-0.02080711896255143,1220.0,False,-0.015913688130638287,0.00592889080009336,0.23518060528804208,asia,hyperliquid,BTC,2025-12-11 03:20:00+00:00
2025-12-12 00:55:00+00:00,92278.0,5718927.112529769,-0.004405225433453389,churn,-0.00804611109005191,40.0,False,0.0023866682686098472,-0.021762434585225535,1.0,asia,hyperliquid,BTC,2025-12-12 01:05:00+00:00
2025-12-12 15:25:00+00:00,92054.66666666667,12334355.12827977,-0.08503473170783313,deleverage,-0.027970808835278825,1440.0,True,-0.021212747509618005,-0.021534583531395337,0.24161122280944058,eu_us_overlap,hyperliquid,BTC,2025-12-12 16:45:00+00:00
2025-12-14 11:35:00+00:00,89592.33333333333,14840821.782239769,-0.0025938112081817562,churn,-0.008652271632892557,45.0,False,-0.009384352577423613,0.0013626551013046664,0.0,eu,hyperliquid,BTC,2025-12-14 11:50:00+00:00
2025-12-14 16:55:00+00:00,88933.5,872578.898879769,0.0006722160261424238,churn,-0.0035595443974141983,30.0,False,-0.0066109976170419995,-0.029833370901838942,0.0,eu_us_overlap,hyperliquid,BTC,2025-12-14 16:55:00+00:00
2025-12-14 19:15:00+00:00,88846.0,4751485.777429769,0.0008677507604809942,churn,-0.0051400360857682,60.0,False,-0.0032073079648089263,-0.03205155156488724,0.37601450431654293,us,hyperliquid,BTC,2025-12-14 20:20:00+00:00
2025-12-14 22:30:00+00:00,88423.83333333333,5816757.6386397695,-0.016043441050498167,middle,-0.009748746401717823,90.0,False,0.012102670708312042,-0.02726531503618615,1.0,us,hyperliquid,BTC,2025-12-14 23:40:00+00:00
2025-12-15 14:45:00+00:00,89385.5,10084830.654799769,-0.11652227719836558,deleverage,-0.03737357443485897,1440.0,True,-0.039687340625739954,-0.025350653867036287,0.0,eu_us_overlap,hyperliquid,BTC,2025-12-15 18:45:00+00:00
2025-12-16 04:45:00+00:00,85629.16666666667,1390829.278009769,-0.003778096585446217,churn,-0.002709130837580756,5.0,False,0.01661178027656753,0.01294105904176916,1.0,asia,hyperliquid,BTC,2025-12-16 04:55:00+00:00
2025-12-16 14:00:00+00:00,86909.08333333333,2230835.4822697686,-0.014640219832963323,middle,-0.008494045042258088,5.0,False,0.006987646502858623,0.00811819659586844,1.0,eu_us_overlap,hyperliquid,BTC,2025-12-16 14:10:00+00:00
2025-12-17 05:00:00+00:00,86819.83333333333,2111661.4465197693,-0.011985429933541977,middle,-0.0073447430730879445,60.0,False,-0.003049263503240576,-0.0012601064690004572,0.5848372811823115,asia,hyperliquid,BTC,2025-12-17 05:10:00+00:00
2025-12-17 15:40:00+00:00,89858.0,3114229.658379769,-0.02363497427509621,middle,-0.04201881056213489,1440.0,True,-0.04592613303189242,-0.006761215078423356,0.0,eu_us_overlap,hyperliquid,BTC,2025-12-17 16:30:00+00:00
2025-12-17 18:40:00+00:00,86499.91666666667,4518576.802599769,-0.02627713041781144,middle,-0.013506031720814549,450.0,False,-0.0042102032758186666,0.0005961619483353617,0.6882723687572718,us,hyperliquid,BTC,2025-12-17 19:15:00+00:00
2025-12-18 14:40:00+00:00,88380.5,675726.579609769,0.005523910936626029,churn,-0.006948690739061521,15.0,False,-0.038841289666533635,-0.0043884089613503005,0.0,eu_us_overlap,hyperliquid,BTC,2025-12-18 14:45:00+00:00
2025-12-18 17:00:00+00:00,88104.33333333333,24586206.406789772,-0.02035610630149989,middle,-0.03054934991468454,850.0,False,-0.030174947345653444,-0.0022479686380321973,0.012255664034642066,us,hyperliquid,BTC,2025-12-18 19:55:00+00:00
2025-12-19 17:30:00+00:00,88043.33333333333,13352111.60440977,0.004763872102684488,churn,-0.013594812703255,135.0,False,0.0017948521512527898,0.0015567326141205837,1.0,us,hyperliquid,BTC,2025-12-19 17:55:00+00:00
2025-12-21 13:30:00+00:00,88345.5,3491378.205599769,-0.037722852400537646,middle,-0.008388652966634146,175.0,False,-0.001007916190468495,0.017698484895714763,0.8798476710769322,eu_us_overlap,hyperliquid,BTC,2025-12-21 13:40:00+00:00
2025-12-22 02:05:00+00:00,88812.66666666667,860421.985869769,-0.003368697309272928,churn,-0.00955617048543742,80.0,False,0.00323566366502403,-0.002786891208599226,1.0,asia,hyperliquid,BTC,2025-12-22 02:15:00+00:00
2025-12-22 19:00:00+00:00,89335.33333333333,7672088.405249769,0.002680218443131872,churn,-0.01612333002689788,1440.0,True,-0.00625257608591339,-0.015293246857212514,0.612203181632921,us,hyperliquid,BTC,2025-12-22 20:05:00+00:00
2025-12-23 03:05:00+00:00,88215.33333333333,1568282.931469769,-0.026219310442991712,middle,-0.004485836638489349,840.0,False,-0.007622137009336592,-0.01417732066562419,0.0,asia,hyperliquid,BTC,2025-12-23 03:15:00+00:00
2025-12-23 05:30:00+00:00,87917.5,4164046.2516497695,-0.034998718565710636,middle,-0.00961183211768568,350.0,False,-0.002357256198924069,-0.009565896553789768,0.7547547470594352,asia,hyperliquid,BTC,2025-12-23 06:35:00+00:00
2025-12-23 14:50:00+00:00,87510.0,13616895.61882977,-0.014126132851375643,middle,-0.010447483323962456,45.0,False,0.0048732623268680384,-0.00583920678323394,1.0,eu_us_overlap,hyperliquid,BTC,2025-12-23 15:05:00+00:00
2025-12-23 23:00:00+00:00,87447.66666666667,1058575.0738897691,-0.042610789719316255,middle,-0.003254853890102599,25.0,False,-0.0031057200134926737,0.004299985800750094,0.045818915885414535,us,hyperliquid,BTC,2025-12-23 23:30:00+00:00
2025-12-24 02:40:00+00:00,87362.75,1861759.481489769,-0.0080300583052973,middle,-0.005661997910555925,55.0,False,-0.0051786309047525654,0.005624428950508303,0.08537039635818233,asia,hyperliquid,BTC,2025-12-24 03:15:00+00:00
2025-12-24 09:35:00+00:00,86808.83333333333,819242.521739769,-0.029508196809287294,middle,-0.0013064036762049198,5.0,False,0.0015155936353152132,0.007215869424199011,1.0,eu,hyperliquid,BTC,2025-12-24 09:45:00+00:00
2025-12-24 14:35:00+00:00,87280.66666666667,1899861.047259769,-0.0051084173729431985,middle,-0.008747599669218974,115.0,False,0.0039430717245563,0.0036006470118435437,1.0,eu_us_overlap,hyperliquid,BTC,2025-12-24 14:45:00+00:00
2025-12-25 22:45:00+00:00,87817.0,2281343.147549769,-0.032778061316330154,middle,-0.010123148317785217,205.0,False,0.013353175683313134,-0.004719776140388001,1.0,us,hyperliquid,BTC,2025-12-26 00:50:00+00:00
2025-12-26 14:45:00+00:00,88792.5,19847646.48936977,-0.028471020766101234,middle,-0.02410785243619494,1440.0,True,-0.012602661233573524,-0.01450911979472617,0.4772383285932099,eu_us_overlap,hyperliquid,BTC,2025-12-26 15:25:00+00:00
2025-12-29 09:30:00+00:00,89433.66666666667,11726199.124299768,-0.02254334065245986,middle,-0.020196926437369846,1440.0,True,-0.019159191571004496,-0.019033824015963503,0.051380831117216696,eu,hyperliquid,BTC,2025-12-29 12:25:00+00:00
2025-12-30 20:50:00+00:00,88056.16666666667,7525838.043429769,-0.01849576657888737,middle,-0.0023838952522290337,10.0,False,0.006185205463014786,-0.0063760758906783385,1.0,us,hyperliquid,BTC,2025-12-30 21:00:00+00:00
2025-12-31 15:30:00+00:00,88108.41666666667,11732779.876109768,-0.0241481051441763,middle,-0.008089943712569544,1440.0,True,-0.0035350373238022953,,0.5630331372627697,eu_us_overlap,hyperliquid,BTC,2025-12-31 16:50:00+00:00
2025-12-31 20:10:00+00:00,87578.16666666667,2983988.139289769,-0.016028699787536127,middle,-0.0034390302439560915,40.0,False,,,,us,hyperliquid,BTC,2025-12-31 20:40:00+00:00
2025-08-10 03:10:00+00:00,4252.733333333334,8756271.99342,-0.014036023230490075,middle,-0.00712270251115435,40.0,False,-0.00816527016515175,0.012830598329717459,0.0,asia,hyperliquid,ETH,2025-08-10 03:35:00+00:00
2025-08-10 07:35:00+00:00,4223.516666666666,4292720.57694,-0.010392092885243748,middle,-0.013867808650187058,80.0,False,-0.010297060991170833,0.01334330475097779,0.25748463575519986,asia,hyperliquid,ETH,2025-08-10 08:10:00+00:00
2025-08-11 10:15:00+00:00,4264.0,6757025.05174,-0.025159334023637975,deleverage,-0.021320899363175112,205.0,False,0.022344642504873564,0.004177472330725287,1.0,eu,hyperliquid,ETH,2025-08-11 12:55:00+00:00
2025-08-11 18:05:00+00:00,4299.900000000001,6706126.121920001,-0.01466928261185924,middle,-0.013922370927414975,500.0,False,-0.015220244956263557,0.046585025604432166,0.0,us,hyperliquid,ETH,2025-08-11 22:00:00+00:00
2025-08-13 14:15:00+00:00,4687.416666666667,671349.1042000001,0.0003110993393520062,churn,-0.012443542815492344,110.0,False,0.007403767569067139,-0.011687799127768935,1.0,eu_us_overlap,hyperliquid,ETH,2025-08-13 15:25:00+00:00
2025-08-14 10:40:00+00:00,4752.883333333334,179481151.380186,-0.02553130407284381,deleverage,-0.042701567317355096,1440.0,True,-0.043195738848856045,-0.02211006378024575,0.0,eu,hyperliquid,ETH,2025-08-14 13:15:00+00:00
2025-08-14 15:25:00+00:00,4657.016666666666,16053782.35599,-0.04765245599138098,deleverage,-0.03043843573372839,905.0,False,-0.033642305286573575,-0.04905037889636917,0.0,eu_us_overlap,hyperliquid,ETH,2025-08-14 18:30:00+00:00
2025-08-14 21:30:00+00:00,4526.966666666667,5261074.44572,-0.0538437326293318,deleverage,-0.015206075569701685,60.0,False,0.025814614067007795,-0.026370178081557998,1.0,us,hyperliquid,ETH,2025-08-14 21:50:00+00:00
2025-08-15 13:40:00+00:00,4607.666666666667,13163848.40507,-0.024337222134786295,middle,-0.04246462916817255,1440.0,True,-0.04776612815824625,-0.046730866605381845,0.0,eu_us_overlap,hyperliquid,ETH,2025-08-15 16:20:00+00:00
2025-08-15 20:00:00+00:00,4393.575,548722.59416,-0.0018650281784867316,churn,-0.0035855101871268462,0.0,False,0.019156086842531662,0.006437528789826332,1.0,us,hyperliquid,ETH,2025-08-15 20:10:00+00:00
2025-08-16 09:55:00+00:00,4446.883333333334,824559.6205000001,0.0013844284439740537,churn,-0.015052017432476313,1060.0,False,-0.011383333814427044,0.021329079277535058,0.24373368118307503,eu,hyperliquid,ETH,2025-08-16 10:30:00+00:00
2025-08-17 18:50:00+00:00,4514.0,44218915.364130005,-0.0028376739803779175,churn,-0.017667336654511718,210.0,False,-0.011239264849258877,-0.03256942176971128,0.3638393228676774,us,hyperliquid,ETH,2025-08-17 19:05:00+00:00
2025-08-18 00:30:00+00:00,4470.783333333334,27789923.47576,-0.02044282576917869,middle,-0.027054512738066794,1440.0,True,-0.048306212505582896,-0.04591468019962825,0.0,asia,hyperliquid,ETH,2025-08-18 03:40:00+00:00
2025-08-18 05:45:00+00:00,4315.683333333333,17163554.3872,-0.09264449611978623,deleverage,-0.020656699899909578,240.0,False,-0.010513049733042236,-0.017940077233242237,0.4910586016167928,asia,hyperliquid,ETH,2025-08-18 06:55:00+00:00
2025-08-18 09:15:00+00:00,4250.291666666667,1107028.2778999982,0.001981993774041729,churn,-0.0054832577977235635,20.0,False,0.012638531223267798,0.00306762818659418,1.0,eu,hyperliquid,ETH,2025-08-18 09:35:00+00:00
2025-08-18 14:10:00+00:00,4311.033333333334,1696260.3188299981,-0.0006013642663155154,churn,-0.008896575989715588,5.0,False,0.0121083183538461,-0.00833504768212386,1.0,eu_us_overlap,hyperliquid,ETH,2025-08-18 14:20:00+00:00
2025-08-19 00:20:00+00:00,4315.8,4977232.896129998,-0.008863716758529913,middle,-0.01135998514747468,30.0,False,-0.018273836809073973,-0.05543844895914583,0.0,asia,hyperliquid,ETH,2025-08-19 00:40:00+00:00
2025-08-19 03:05:00+00:00,4289.05,20874065.36276,-0.052251097443658474,deleverage,-0.022601097599586527,385.0,False,-0.0051191061042415624,-0.034922715267415264,0.7735018805310051,asia,hyperliquid,ETH,2025-08-19 04:15:00+00:00
2025-08-19 14:25:00+00:00,4273.583333333333,30037334.144860003,-0.0026620010517273466,churn,-0.022584098617792626,1440.0,True,-0.031503284584607626,-0.027598865467425994,0.0,eu_us_overlap,hyperliquid,ETH,2025-08-19 19:15:00+00:00
2025-08-19 23:20:00+00:00,4124.325,15134584.87709,-0.03309652920696266,deleverage,-0.01364027849565973,105.0,False,0.008865076237716612,0.05266409403026177,1.0,us,hyperliquid,ETH,2025-08-20 01:45:00+00:00
2025-08-20 14:10:00+00:00,4145.916666666667,1124000.58626,-0.011127255050396318,middle,-0.009930351554856201,10.0,False,0.04601537585354311,0.03636319342487592,1.0,eu_us_overlap,hyperliquid,ETH,2025-08-20 14:15:00+00:00
2025-08-21 15:15:00+00:00,4266.900000000001,2478510.49673,0.05869373776341956,churn,-0.01277192716364042,215.0,False,-0.009927480801359072,0.08721544656732312,0.2227108192708004,eu_us_overlap,hyperliquid,ETH,2025-08-21 17:15:00+00:00
2025-08-22 12:05:00+00:00,4281.7,3460804.58161,-0.0012292921842225323,churn,-0.01592594647102709,95.0,False,0.11471360730195265,0.0963033444520564,1.0,eu,hyperliquid,ETH,2025-08-22 12:40:00+00:00
2025-08-23 01:25:00+00:00,4805.55,21994788.582200002,-0.02486439313437059,middle,-0.02776696138758457,1315.0,False,-0.01604716330594874,-0.007058386043771904,0.422077083554274,asia,hyperliquid,ETH,2025-08-23 02:40:00+00:00
2025-08-24 19:30:00+00:00,4947.358333333334,121782242.67040701,-0.045919950211939654,middle,-0.044981417110000886,1440.0,True,-0.04428394910184738,-0.09714583896685286,0.01550569219390896,us,hyperliquid,ETH,2025-08-24 20:15:00+00:00
2025-08-25 00:35:00+00:00,4775.8,8032542.257370001,-0.006013314921645577,middle,-0.0219635516431198,105.0,False,-0.0256947792342253,-0.09137618015884989,0.0,asia,hyperliquid,ETH,2025-08-25 00:50:00+00:00
2025-08-25 06:15:00+00:00,4698.633333333334,50422024.03277,-0.05193199203025271,deleverage,-0.030859564863692842,1440.0,True,-0.019835899935917372,-0.06003530670917871,0.35722036187053063,asia,hyperliquid,ETH,2025-08-25 08:15:00+00:00
2025-08-25 10:25:00+00:00,4592.408333333334,38299395.00924,-0.053886157846804485,deleverage,-0.01444451789366877,70.0,False,0.0063363876568204094,-0.037733348819001145,1.0,eu,hyperliquid,ETH,2025-08-25 10:45:00+00:00
2025-08-25 17:00:00+00:00,4613.516666666666,35891662.27946,-0.01429028372388367,middle,-0.011525243388665375,1440.0,True,-0.05165632881543533,-0.015898203968782793,0.0,us,hyperliquid,ETH,2025-08-25 20:50:00+00:00
2025-08-26 00:45:00+00:00,4372.25,3740310.18132,-0.009281324910862428,middle,-0.011594199419299853,35.0,False,0.009571520341941076,0.04344739755321663,1.0,asia,hyperliquid,ETH,2025-08-26 01:10:00+00:00
2025-08-27 19:10:00+00:00,4602.4,8397842.35533,-0.012947606910280181,middle,-0.01690508232242129,70.0,False,-0.02117916093448155,-0.02716693619801887,0.0,us,hyperliquid,ETH,2025-08-27 22:15:00+00:00
2025-08-28 00:20:00+00:00,4508.483333333334,2667527.3505800003,-0.011947160265710579,middle,-0.009120647299364315,40.0,False,0.012140022187474203,-0.0033845365799760768,1.0,asia,hyperliquid,ETH,2025-08-28 00:40:00+00:00
2025-08-28 15:25:00+00:00,4553.416666666667,3159012.06543,-7.706047187250216e-05,churn,-0.020000666706669543,1440.0,True,-0.015908898185872745,-0.051315448808682995,0.20458160624377242,eu_us_overlap,hyperliquid,ETH,2025-08-28 17:05:00+00:00
2025-08-28 19:40:00+00:00,4470.883333333334,7182894.5129700005,-0.0014481022061883803,churn,-0.008836592829563573,60.0,False,-0.0012384041092289495,-0.027766543059760406,0.8598550218263126,us,hyperliquid,ETH,2025-08-28 20:10:00+00:00
2025-08-29 07:00:00+00:00,4457.3,19036010.43401,-0.033581956317391595,middle,-0.03248064007427091,1440.0,True,-0.013427416409959968,-0.012813668436520674,0.5866024690629077,asia,hyperliquid,ETH,2025-08-29 09:10:00+00:00
2025-08-29 13:45:00+00:00,4375.966666666667,41568997.95382,-0.03455350002177573,middle,-0.02485325666776661,475.0,False,-0.0035636515120816108,-0.0070786743719088155,0.8566122919132975,eu_us_overlap,hyperliquid,ETH,2025-08-29 14:25:00+00:00
2025-08-29 17:10:00+00:00,4330.6,2534504.28643,-0.01324709323310524,middle,-0.005452885530872202,115.0,False,0.007625678893056286,0.00895392843279948,1.0,us,hyperliquid,ETH,2025-08-29 17:20:00+00:00
2025-08-30 01:55:00+00:00,4319.408333333333,11240197.28722,0.003999114127927333,churn,-0.013133566455861325,70.0,False,0.017701709455451853,0.03083006142499405,1.0,asia,hyperliquid,ETH,2025-08-30 02:05:00+00:00
2025-08-31 23:30:00+00:00,4421.975,1527443.25435,0.0038580857408459773,churn,-0.013323400004683407,125.0,False,-0.00875034329779661,-0.032551646917653825,0.34323496294333944,us,hyperliquid,ETH,2025-09-01 00:35:00+00:00
2025-09-01 04:30:00+00:00,4395.733333333334,2139130.82117,-0.016609515445228176,middle,-0.007692243148689389,55.0,False,0.0028887802601645697,-0.0032774774175874737,1.0,asia,hyperliquid,ETH,2025-09-01 04:40:00+00:00
2025-09-01 11:40:00+00:00,4397.566666666667,829851.24966,-0.005077038723562936,middle,-0.0038314150371322625,15.0,False,-0.017992734006406594,-0.005270560022363371,0.0,eu,hyperliquid,ETH,2025-09-01 11:50:00+00:00
2025-09-01 15:50:00+00:00,4367.466666666666,3571464.00243,0.006972065495256629,churn,-0.013790619068866573,230.0,False,-0.028641566723445182,-0.01905091027257634,0.0,eu_us_overlap,hyperliquid,ETH,2025-09-01 17:35:00+00:00
2025-09-01 20:35:00+00:00,4348.691666666667,22274139.411980003,-0.013665063746023165,middle,-0.02737757589936992,375.0,False,-0.004226663421325659,-0.007534401448291522,0.8456158632575307,us,hyperliquid,ETH,2025-09-01 21:50:00+00:00
2025-09-02 12:40:00+00:00,4328.333333333334,2696705.60004,-0.00794362148602164,middle,-0.012316586064125005,55.0,False,-0.010809074516117225,0.005740136130752809,0.122396867131775,eu,hyperliquid,ETH,2025-09-02 12:55:00+00:00
2025-09-04 03:35:00+00:00,4411.716666666666,2924121.3334500003,0.0018390162347630835,churn,-0.009741174894530875,395.0,False,-0.005720839401213432,-0.025125738869037646,0.4127156669340406,asia,hyperliquid,ETH,2025-09-04 05:50:00+00:00
2025-09-04 14:05:00+00:00,4373.375,5534509.36382,-0.022273677033181616,middle,-0.01723400232404138,1035.0,False,-0.017210739477133044,0.012108068071377277,0.0013498226628345655,eu_us_overlap,hyperliquid,ETH,2025-09-04 18:40:00+00:00
2025-09-05 14:15:00+00:00,4436.65,4469691.87528,-0.04581516145106054,middle,-0.04139362883923383,1440.0,True,-0.026239174337090942,-0.032226868752722876,0.36610596671773676,eu_us_overlap,hyperliquid,ETH,2025-09-05 14:55:00+00:00
2025-09-06 16:20:00+00:00,4268.483333333334,1198125.82084,0.004649513234236785,churn,-0.005292985465595844,15.0,False,0.0022621002707744605,0.005692275142661169,1.0,eu_us_overlap,hyperliquid,ETH,2025-09-06 16:30:00+00:00
2025-09-08 19:35:00+00:00,4309.483333333334,746170.12217,-0.00812279023211776,middle,-0.006269394101941675,105.0,False,-0.006152648047825739,-0.0028660084141697486,0.018621584832221427,us,hyperliquid,ETH,2025-09-08 19:40:00+00:00
2025-09-08 22:10:00+00:00,4317.883333333334,4909722.33983,-0.02241743590935475,middle,-0.00516243029444646,125.0,False,-0.0033715238964821875,-0.0002856745799940218,0.3469114924207034,us,hyperliquid,ETH,2025-09-08 22:20:00+00:00
2025-09-09 15:35:00+00:00,4290.125000000001,2858240.4510199996,0.007705546271597524,churn,-0.002584847705038156,15.0,False,0.004262340618846666,0.026322227485042524,1.0,eu_us_overlap,hyperliquid,ETH,2025-09-09 15:45:00+00:00
2025-09-10 17:25:00+00:00,4386.0,1004451.12634,0.002056270489196792,churn,-0.019000623405897872,555.0,False,-0.009104245655762318,0.010399454111196391,0.5208448974923463,us,hyperliquid,ETH,2025-09-10 19:30:00+00:00
2025-09-11 12:30:00+00:00,4447.8,922383.11985,-0.00840854059317468,middle,-0.013228439565357011,595.0,False,-0.007639611732224146,0.015050964413043724,0.42248579702242706,eu,hyperliquid,ETH,2025-09-11 12:40:00+00:00
2025-09-13 16:15:00+00:00,4653.2,1350848.6143500002,0.05388835598711938,churn,-0.009186310060374493,125.0,False,0.0010632186452669771,-0.012401432582283819,1.0,eu_us_overlap,hyperliquid,ETH,2025-09-13 17:10:00+00:00
2025-09-14 14:35:00+00:00,4623.349999999999,28696176.729209997,-0.0034184937345706204,churn,-0.008994878848422126,170.0,False,-0.0006490907548554357,-0.0223531642923949,0.9278377434767453,eu_us_overlap,hyperliquid,ETH,2025-09-14 14:50:00+00:00
2025-09-15 08:00:00+00:00,4607.416666666667,35388551.32845,-0.016902706725964892,middle,-0.02076060015859916,1440.0,True,-0.021869186270692315,-0.018392346910326308,0.0,eu,hyperliquid,ETH,2025-09-15 09:10:00+00:00
2025-09-15 13:40:00+00:00,4527.45,7503016.16348,-0.01998968229278397,middle,-0.013285132275534989,480.0,False,-0.007315564830681584,-0.014886790277606051,0.44934196521675296,eu_us_overlap,hyperliquid,ETH,2025-09-15 15:40:00+00:00
2025-09-16 13:40:00+00:00,4503.425,18591012.81264,-0.01188349012069612,middle,-0.017104770372737926,215.0,False,-0.0046684464439507795,-0.0037764752400786237,0.7270675757570249,eu_us_overlap,hyperliquid,ETH,2025-09-16 14:20:00+00:00
2025-09-17 18:00:00+00:00,4505.900000000001,48240493.43576,-0.008373063354899304,middle,-0.016886490098174684,85.0,False,0.019439638563124594,0.022048137221762385,1.0,us,hyperliquid,ETH,2025-09-17 18:55:00+00:00
2025-09-19 03:40:00+00:00,4585.599999999999,4028553.3805,0.00042580237604295424,churn,-0.012077613723178764,1440.0,True,-0.011702453724074947,-0.026080798721096903,0.0310624273720419,asia,hyperliquid,ETH,2025-09-19 07:10:00+00:00
2025-09-19 09:45:00+00:00,4538.616666666666,795092.43899,-0.006859069818972267,middle,-0.006136660828138893,220.0,False,-0.014842435759774883,-0.016700257048002987,0.0,eu,hyperliquid,ETH,2025-09-19 11:45:00+00:00
2025-09-19 14:45:00+00:00,4536.166666666667,6329280.78529,-0.016228492851197984,middle,-0.01829096593496501,1440.0,True,-0.015689921809192042,-0.00947265534149953,0.14220375976977861,eu_us_overlap,hyperliquid,ETH,2025-09-19 15:30:00+00:00
2025-09-19 18:10:00+00:00,4462.75,2391446.53483,-0.0009839135875299048,churn,-0.004289057145492983,130.0,False,0.002797048142639346,0.00395831986553596,1.0,us,hyperliquid,ETH,2025-09-19 18:20:00+00:00
2025-09-21 09:30:00+00:00,4465.1,896784.29613,-0.0013003483024661036,churn,-0.003938227728641768,20.0,False,0.0028514100243647333,-0.06721318098056475,1.0,eu,hyperliquid,ETH,2025-09-21 09:40:00+00:00
2025-09-21 22:20:00+00:00,4467.233333333334,57972872.80234,0.0004967015905017891,churn,-0.008132699625435044,1440.0,True,-0.03858457834883298,-0.0630308943646075,0.0,us,hyperliquid,ETH,2025-09-22 02:40:00+00:00
2025-09-22 05:55:00+00:00,4287.083333333333,332718896.70415604,-0.07812531957266558,deleverage,-0.04841954571532909,1440.0,True,-0.025738061204253128,-0.024828981106717878,0.4684365409875222,asia,hyperliquid,ETH,2025-09-22 06:10:00+00:00
2025-09-22 19:35:00+00:00,4150.866666666666,409755.63157002983,-0.010418690676081418,middle,-0.004833950846158526,35.0,False,0.0064556763204471285,0.0011998324081919716,1.0,us,hyperliquid,ETH,2025-09-22 19:45:00+00:00
2025-09-23 02:50:00+00:00,4158.616666666667,1262002.5468500298,0.0024055042760267086,churn,-0.010774542142157261,30.0,False,0.011911921960474666,0.002145846250473861,1.0,asia,hyperliquid,ETH,2025-09-23 03:20:00+00:00
2025-09-24 03:25:00+00:00,4159.15,9059408.65453003,-0.014144685647798175,middle,-0.020133278351113348,75.0,False,0.002833101137486231,-0.029053658338407725,1.0,asia,hyperliquid,ETH,2025-09-24 04:20:00+00:00
2025-09-25 01:25:00+00:00,4124.849999999999,47322056.91252003,-0.005389715438151901,middle,-0.020772587355009937,1440.0,True,-0.02785195518968681,-0.048377507042559276,0.0,asia,hyperliquid,ETH,2025-09-25 05:00:00+00:00
2025-09-25 12:25:00+00:00,4005.841666666667,10355142.64306003,-0.019173749931741813,middle,-0.015418833064794907,110.0,False,-0.03193144546105745,-0.0280728701454265,0.0,eu,hyperliquid,ETH,2025-09-25 13:50:00+00:00
2025-09-25 16:45:00+00:00,3970.316666666667,42991598.56717003,-0.04180967732193532,middle,-0.038137423522484365,675.0,False,-0.021040994451525137,0.003779281324015432,0.44828484705789917,eu_us_overlap,hyperliquid,ETH,2025-09-25 18:05:00+00:00
2025-09-25 23:30:00+00:00,3892.3000000000006,2037656.21381003,-0.0006623778011835831,churn,-0.010966056043614655,35.0,False,0.01434818036657374,0.03460483008198258,1.0,us,hyperliquid,ETH,2025-09-25 23:45:00+00:00
2025-09-26 10:15:00+00:00,3900.7000000000003,467089.0273600298,-0.0011746230579240333,churn,-0.007113713870933131,75.0,False,0.01920828887989842,0.022873273590502986,1.0,eu,hyperliquid,ETH,2025-09-26 12:20:00+00:00
2025-09-27 09:05:00+00:00,3986.183333333333,114245.9099400298,-0.007488734866779946,middle,-0.0035015302599879397,30.0,False,0.00322261786597214,0.001921462907537702,1.0,eu,hyperliquid,ETH,2025-09-27 09:10:00+00:00
2025-09-30 08:50:00+00:00,4171.7,1042158.4107400298,-0.0018960387723396211,churn,-0.008848390091091826,175.0,False,-0.007205222758701046,0.026038177935130295,0.18570240636712543,eu,hyperliquid,ETH,2025-09-30 10:05:00+00:00
2025-09-30 14:05:00+00:00,4157.383333333333,1725678.77096003,-0.006445581640173471,middle,-0.01554659441792428,345.0,False,-0.0009465557710646692,0.03304287079490489,0.9391149118823511,eu_us_overlap,hyperliquid,ETH,2025-09-30 17:05:00+00:00
2025-10-01 19:40:00+00:00,4322.900000000001,65253.19535002981,-0.003932246048648068,churn,-0.004974298174179612,145.0,False,0.010138351596463271,0.039561861090476644,1.0,us,hyperliquid,ETH,2025-10-01 19:50:00+00:00
2025-10-02 18:50:00+00:00,4485.366666666667,40309.86663002981,0.0034168829201164136,churn,-0.0037786538243452126,110.0,False,-0.003666764460431332,0.0031571456120596236,0.029610906189129316,us,hyperliquid,ETH,2025-10-02 19:20:00+00:00
2025-10-02 22:15:00+00:00,4477.150000000001,27896.264420029802,-0.005938961270536178,middle,-0.004230370926036283,60.0,False,0.0055683771780688585,0.011304699966220057,1.0,us,hyperliquid,ETH,2025-10-02 22:25:00+00:00
2025-10-03 07:25:00+00:00,4464.55,209893.5503100298,9.520491713301899e-05,churn,-0.007893002524357056,90.0,False,0.006418973016062379,0.008364423223054362,1.0,asia,hyperliquid,ETH,2025-10-03 08:25:00+00:00
2025-10-03 17:00:00+00:00,4555.616666666666,566629.3042700299,-0.0059159206481152315,middle,-0.021963541189291502,1440.0,True,-0.006511309479565767,-0.01804451436119052,0.7035400883924671,us,hyperliquid,ETH,2025-10-03 18:15:00+00:00
2025-10-04 11:15:00+00:00,4487.433333333333,89678.0000000298,-0.005364214116991687,middle,-0.00211554520708278,50.0,False,-0.0042393052828001345,0.01238372778984375,0.0,eu,hyperliquid,ETH,2025-10-04 11:25:00+00:00
2025-10-04 14:55:00+00:00,4496.833333333333,191516.51842002978,-0.0014607803014012103,churn,-0.011739818804967357,390.0,False,-0.0049453089793247175,0.008859493284004151,0.578757640004439,eu_us_overlap,hyperliquid,ETH,2025-10-04 15:40:00+00:00
2025-10-05 04:45:00+00:00,4541.733333333334,50109.7066500298,0.00036794374022640916,churn,0.0012579056249209179,0.0,False,0.0010599729213938169,-0.002355029956840486,0.15735099645455886,asia,hyperliquid,ETH,2025-10-05 04:55:00+00:00
2025-10-05 09:30:00+00:00,4585.05,83523.4528800298,-0.0017012004713701026,churn,-0.012487543213708293,1440.0,True,-0.010942851679305775,-0.003539478673062618,0.1236985937079138,eu,hyperliquid,ETH,2025-10-05 09:40:00+00:00
2025-10-05 16:45:00+00:00,4535.733333333333,857348.9687400298,-0.013049056996584953,middle,-0.007320663411490279,450.0,False,-0.005323835484642702,0.031236545058497298,0.2727659796123696,eu_us_overlap,hyperliquid,ETH,2025-10-05 17:00:00+00:00
2025-10-05 19:10:00+00:00,4517.666666666667,272248.2837800298,-0.0027734510160468805,churn,-0.008093610999975872,170.0,False,-0.00264127747499182,0.041893949837947066,0.673658954575443,us,hyperliquid,ETH,2025-10-05 20:10:00+00:00
2025-10-07 08:20:00+00:00,4664.766666666666,53691.45720002981,-0.016146313296909624,middle,-0.005075634827554781,20.0,False,0.0008321354753798341,-0.042034383197054284,1.0,eu,hyperliquid,ETH,2025-10-07 08:30:00+00:00
2025-10-07 14:05:00+00:00,4702.608333333334,18701351.36412003,0.011040402813876023,churn,-0.046186669600781584,1440.0,True,-0.04211954542570023,-0.04034675070525869,0.08805839888946065,eu_us_overlap,hyperliquid,ETH,2025-10-07 18:50:00+00:00
2025-10-07 23:50:00+00:00,4469.45,622988.9131400298,-0.018533197359592288,middle,-0.005890520979136471,50.0,False,-0.00826775920835406,0.013423467814393191,0.0,us,hyperliquid,ETH,2025-10-08 00:40:00+00:00
2025-10-08 03:20:00+00:00,4473.816666666667,949202.8805700298,-0.025803793071993954,middle,-0.013018898281783249,280.0,False,0.0019278872165473019,-0.006855794070745592,1.0,asia,hyperliquid,ETH,2025-10-08 04:20:00+00:00
2025-10-08 17:25:00+00:00,4512.566666666667,70137.8057800298,-0.013650389833316548,middle,-0.0027331465377378535,115.0,False,0.004639199723026547,-0.04789067446256082,1.0,us,hyperliquid,ETH,2025-10-08 17:35:00+00:00
2025-10-09 02:05:00+00:00,4473.883333333333,7841426.60267003,-0.015753900950610404,middle,-0.015096637616379674,1440.0,True,-0.013747377520419955,-0.02533758105534501,0.08937487474004069,asia,hyperliquid,ETH,2025-10-09 03:05:00+00:00
2025-10-09 08:05:00+00:00,4426.549999999999,30031448.90085003,-0.01582700998913066,middle,-0.022457196334132498,1440.0,True,-0.01731822572143516,-0.02444611915585812,0.22883402434731626,eu,hyperliquid,ETH,2025-10-09 09:05:00+00:00
2025-10-09 14:00:00+00:00,4373.166666666667,3225460.8116200324,-0.025550806936409483,middle,-0.0184666551325474,500.0,False,-0.006450118234533876,-0.002247273409434635,0.6507154009084422,eu_us_overlap,hyperliquid,ETH,2025-10-09 17:10:00+00:00
2025-10-10 14:55:00+00:00,4328.825,1294906954.915158,-0.015394615641607394,middle,-0.05761952011238487,1440.0,True,-0.10535859057993288,-0.12720774133242513,0.0,eu_us_overlap,hyperliquid,ETH,2025-10-11 03:45:00+00:00
2025-10-11 07:05:00+00:00,3778.3000000000006,444735.5000201192,-0.02518345611298239,middle,-0.011593291080152328,70.0,False,0.00873552114476865,0.015638140945657474,1.0,asia,hyperliquid,ETH,2025-10-11 08:00:00+00:00
2025-10-11 19:10:00+00:00,3811.0499999999997,8467952.73688012,-0.005927043698859168,middle,-0.04330086939907266,505.0,False,-0.02287815915733935,0.07934307971984986,0.47164665571751063,us,hyperliquid,ETH,2025-10-11 21:15:00+00:00
2025-10-13 11:05:00+00:00,4148.733333333334,4891614.82816012,-0.007284803989371031,middle,-0.024938400535072434,145.0,False,0.005916003836393362,-0.043269005068024835,1.0,eu,hyperliquid,ETH,2025-10-13 11:40:00+00:00
2025-10-13 14:30:00+00:00,4130.133333333334,226267.86376012012,-0.0002543097657567388,churn,-0.01084109420060487,45.0,False,0.026619077926716493,-0.04197728535275028,1.0,eu_us_overlap,hyperliquid,ETH,2025-10-13 14:40:00+00:00
2025-10-14 02:20:00+00:00,4201.566666666667,12773704.35593012,-0.03619738708821479,deleverage,-0.014967018861459023,1440.0,True,-0.05635138433630661,-0.015812960807783216,0.0,asia,hyperliquid,ETH,2025-10-14 10:40:00+00:00
2025-10-14 13:35:00+00:00,3937.0499999999997,355542.52403012017,-0.004314591976571329,churn,-0.00998093799407041,0.0,False,0.03796654812046105,0.036290081278556624,1.0,eu_us_overlap,hyperliquid,ETH,2025-10-14 13:45:00+00:00
2025-10-14 17:00:00+00:00,4120.233333333333,311508.59729012015,-0.021360556962698098,middle,-0.017044777768237637,5.0,False,0.0021617785909278145,-0.039072512464685655,1.0,us,hyperliquid,ETH,2025-10-14 17:10:00+00:00
2025-10-14 19:40:00+00:00,4125.341666666667,3853959.39299012,-0.03257669388797291,middle,-0.016963905842674737,65.0,False,-0.00849385618705768,-0.03294416538459199,0.499298318097807,us,hyperliquid,ETH,2025-10-14 19:50:00+00:00
2025-10-15 11:15:00+00:00,4120.8,4629289.29402012,-0.018943148028273207,middle,-0.01310481080151473,1440.0,True,-0.043002851576924066,-0.018330938484374237,0.0,eu,hyperliquid,ETH,2025-10-15 17:25:00+00:00
2025-10-16 09:30:00+00:00,3994.6000000000004,2677516.44714012,-0.0075079805179651396,middle,-0.013344031677796525,15.0,False,-0.0051577232168789665,-0.06248119197126825,0.6134808923257404,eu,hyperliquid,ETH,2025-10-16 09:45:00+00:00
2025-10-16 14:15:00+00:00,4013.6666666666665,5103136.80736012,-0.01460611631013751,middle,-0.03563707479240642,1440.0,True,-0.03785995847649894,-0.06309450153347072,0.0,eu_us_overlap,hyperliquid,ETH,2025-10-16 16:40:00+00:00
2025-10-16 19:15:00+00:00,3894.3916666666664,8593378.365310121,-0.006522047498599199,middle,-0.017469342689878258,245.0,False,0.009496266176678621,-0.014416741697023897,1.0,us,hyperliquid,ETH,2025-10-16 20:40:00+00:00
2025-10-17 06:30:00+00:00,3886.233333333333,18640897.857580118,-0.045487201466067856,deleverage,-0.04527708198039111,1440.0,True,-0.027425421168531958,-0.005517522302766392,0.3942758682988994,asia,hyperliquid,ETH,2025-10-17 10:30:00+00:00
2025-10-17 14:35:00+00:00,3762.6749999999997,701648.9782001192,-0.02962447671776667,middle,-0.011823225832556053,10.0,False,0.02360512609197804,0.028550632145424474,1.0,eu_us_overlap,hyperliquid,ETH,2025-10-17 14:50:00+00:00
2025-10-20 00:20:00+00:00,3967.2666666666664,2096257.3602801193,-0.03088551642926854,middle,-0.0153203420666866,175.0,False,0.02680565604134235,0.0008776332182683304,1.0,asia,hyperliquid,ETH,2025-10-20 00:40:00+00:00
2025-10-20 16:00:00+00:00,4026.4666666666667,1882425.5634901193,-0.02230073036835078,middle,-0.025561099787256802,1380.0,False,-0.013304834136055757,0.01692632243038871,0.479488979473069,eu_us_overlap,hyperliquid,ETH,2025-10-20 16:55:00+00:00
2025-10-21 04:00:00+00:00,3931.683333333333,5685430.753980119,-0.022356477415960654,middle,-0.022983504683485402,615.0,False,-0.0173776869589441,-0.018024902659689163,0.24390613188637467,asia,hyperliquid,ETH,2025-10-21 05:15:00+00:00
2025-10-21 17:00:00+00:00,4086.016666666667,4086710.1977301193,-0.06229058816872794,deleverage,-0.027885507575992674,1440.0,True,-0.047325058593104874,-0.06484938560846994,0.0,us,hyperliquid,ETH,2025-10-21 17:25:00+00:00
2025-10-21 20:15:00+00:00,3994.2833333333333,2923435.324900119,-0.036292846922070965,middle,-0.02472129983344339,1440.0,True,-0.03237222975906276,-0.05306559641352596,0.0,us,hyperliquid,ETH,2025-10-22 00:45:00+00:00
2025-10-22 11:00:00+00:00,3830.2000000000003,7090602.788220119,-0.011939501393247356,middle,-0.014344467841080418,20.0,False,-0.00019583140284411266,0.01280214637728806,0.9863479492572543,eu,hyperliquid,ETH,2025-10-22 11:10:00+00:00
2025-10-22 14:35:00+00:00,3822.75,5884454.736140119,-0.04084619074113165,deleverage,-0.010307336564145462,20.0,False,-0.008142404956754487,0.005868561443658786,0.21003792724900316,eu_us_overlap,hyperliquid,ETH,2025-10-22 14:55:00+00:00
2025-10-22 20:30:00+00:00,3792.116666666667,26096292.04002012,-0.026592657094224363,middle,-0.02143435775310692,175.0,False,0.00935281275755221,0.015810916267731727,1.0,us,hyperliquid,ETH,2025-10-22 21:20:00+00:00
2025-10-23 20:00:00+00:00,3861.3833333333337,512320.71088011924,-0.0009611179010421639,churn,-0.010395564038826492,235.0,False,0.005183299376255705,0.018643933809876004,1.0,us,hyperliquid,ETH,2025-10-23 20:10:00+00:00
2025-10-24 14:25:00+00:00,3930.633333333333,628285.4670801192,0.00010907174678737876,churn,-0.015093965203121711,280.0,False,0.002545117905047402,0.0029764257894451603,1.0,eu_us_overlap,hyperliquid,ETH,2025-10-24 16:15:00+00:00
2025-10-27 11:20:00+00:00,4170.45,309880.1805501192,0.00163574014818163,churn,-0.007364388360739101,110.0,False,0.00895164957802443,-0.011697591296779995,1.0,eu,hyperliquid,ETH,2025-10-27 11:30:00+00:00
2025-10-27 14:20:00+00:00,4163.633333333334,193420.1530201192,-0.013464712068843247,middle,-0.00790489358471696,45.0,False,-9.207126322292679e-05,-0.00016413294805638654,0.9883526245816978,eu_us_overlap,hyperliquid,ETH,2025-10-27 14:25:00+00:00
2025-10-27 20:40:00+00:00,4154.0,6712998.619350119,-0.036360219250589174,middle,-0.01197561097019774,1005.0,False,-0.009347840263824068,-0.04204897468495228,0.21942685954921948,us,hyperliquid,ETH,2025-10-27 21:30:00+00:00
2025-10-28 02:45:00+00:00,4118.166666666667,2069070.998730119,-0.023943887014838443,middle,-0.011752796116656548,255.0,False,0.0036075526982516544,-0.02972640704284906,1.0,asia,hyperliquid,ETH,2025-10-28 03:00:00+00:00
2025-10-28 14:45:00+00:00,4146.216666666667,881500.7831901192,-0.003368587011429866,churn,-0.016258609854982717,145.0,False,-0.04230989810065163,-0.03726533978099799,0.0,eu_us_overlap,hyperliquid,ETH,2025-10-28 14:55:00+00:00
2025-10-28 19:15:00+00:00,4110.099999999999,18673565.744430117,-0.04789224301992056,deleverage,-0.042152429126413586,1440.0,True,-0.03237913046410302,-0.04497334131242308,0.2318561199166198,us,hyperliquid,ETH,2025-10-28 21:15:00+00:00
2025-10-29 15:45:00+00:00,3967.9499999999994,581172.3542401192,-0.01053255630890794,middle,-0.009393901054562418,35.0,False,-0.002371791940089479,-0.0530463642845548,0.747517892054276,eu_us_overlap,hyperliquid,ETH,2025-10-29 16:15:00+00:00
2025-10-29 18:35:00+00:00,3992.65,30105706.110720117,-0.012312816484322813,middle,-0.03629111758724167,1440.0,True,-0.02174934453458897,-0.06913331797282216,0.40069785720142537,us,hyperliquid,ETH,2025-10-29 18:50:00+00:00
2025-10-29 23:40:00+00:00,3910.0833333333335,919117.9561001192,0.001264007361849544,churn,-0.00900012069526277,35.0,False,0.0004517212360220542,-0.03260527430677202,1.0,us,hyperliquid,ETH,2025-10-29 23:50:00+00:00
2025-10-30 04:15:00+00:00,3919.6666666666665,8183478.845060119,-0.01769418142829596,middle,-0.019792337358475857,95.0,False,-0.007893132069975047,-0.017712713020842562,0.6012026307446251,asia,hyperliquid,ETH,2025-10-30 04:40:00+00:00
2025-10-30 12:20:00+00:00,3877.25,11641416.368460119,-0.006215733181783577,middle,-0.02925876343539246,1415.0,False,-0.03487810230535127,-2.5791808523025712e-05,0.0,eu,hyperliquid,ETH,2025-10-30 20:05:00+00:00
2025-11-03 02:15:00+00:00,3834.75,8028811.540440119,-0.030442397327368916,middle,-0.031550614428561365,1440.0,True,-0.0333015037886897,-0.051228103214412235,0.0,asia,hyperliquid,ETH,2025-11-03 04:15:00+00:00
2025-11-03 06:40:00+00:00,3721.733333333333,5878578.415770119,-0.013504994975463012,middle,-0.009525574229480563,40.0,False,-0.0016627939210821397,-0.060355686088073825,0.8254389834120465,asia,hyperliquid,ETH,2025-11-03 06:55:00+00:00
2025-11-03 10:55:00+00:00,3705.65,16582957.248170119,-0.015401916572283677,middle,-0.008645743206000542,5.0,False,-0.02301179746294426,-0.06255343691944276,0.0,eu,hyperliquid,ETH,2025-11-03 11:05:00+00:00
2025-11-03 15:25:00+00:00,3709.1333333333337,49513507.841300115,-0.08332415106919458,deleverage,-0.03914342944204314,1440.0,True,-0.03514219295572532,-0.03933970579978399,0.10221987555388223,eu_us_overlap,hyperliquid,ETH,2025-11-03 16:10:00+00:00
2025-11-03 20:40:00+00:00,3605.1499999999996,1985097.1605901192,-0.02240532805576934,middle,-0.013094527779249675,175.0,False,0.0055322880130355,-0.11333922583937221,1.0,us,hyperliquid,ETH,2025-11-03 21:25:00+00:00
2025-11-04 04:50:00+00:00,3631.9500000000003,13347751.087840118,-0.009816926438934762,middle,-0.04315415383442311,1440.0,True,-0.043297902217501336,-0.08804441358900836,0.0,asia,hyperliquid,ETH,2025-11-04 08:25:00+00:00
2025-11-04 16:20:00+00:00,3500.758333333333,90011244.73607013,-0.05250572249784987,deleverage,-0.05342153796580495,1440.0,True,-0.072587663188281,-0.03748839965878416,0.0,eu_us_overlap,hyperliquid,ETH,2025-11-04 21:45:00+00:00
2025-11-05 01:05:00+00:00,3236.816666666667,1929793.2228401192,0.0004745810318261115,churn,-0.02160034848570112,45.0,False,0.026533413084628157,0.045398523298065006,1.0,asia,hyperliquid,ETH,2025-11-05 01:30:00+00:00
2025-11-06 14:35:00+00:00,3359.008333333333,16135004.933700118,-0.029924124388056018,middle,-0.023238503739846223,750.0,False,-0.015226442853148888,-0.047074116625553115,0.34477524785553826,eu_us_overlap,hyperliquid,ETH,2025-11-06 17:00:00+00:00
2025-11-07 10:15:00+00:00,3297.716666666667,4134857.5881901192,-0.0009062193550276496,churn,-0.022405892567497254,295.0,False,-0.004457441417887967,0.04237196698944132,0.8010594130780542,eu,hyperliquid,ETH,2025-11-07 12:55:00+00:00
2025-11-08 14:05:00+00:00,3401.541666666666,984592.0896501193,-0.008795641988536128,middle,-0.010845374645627187,235.0,False,-0.00412181398123345,0.01789206674207366,0.6199472940388141,eu_us_overlap,hyperliquid,ETH,2025-11-08 14:15:00+00:00
2025-11-10 14:50:00+00:00,3589.858333333333,4957199.324260119,-0.023480947762921155,middle,-0.02216912110984897,605.0,False,-0.0033786290456770014,-0.027681058526236414,0.8475975195888125,eu_us_overlap,hyperliquid,ETH,2025-11-10 15:25:00+00:00
2025-11-11 14:45:00+00:00,3524.4500000000003,4637951.542760118,-0.11161700466548533,deleverage,-0.01688190138240409,1185.0,False,-0.02345382509664728,-0.007118582431752759,0.0,eu_us_overlap,hyperliquid,ETH,2025-11-11 22:10:00+00:00
2025-11-12 14:45:00+00:00,3561.4916666666663,25834532.21853012,-0.023036099613154268,middle,-0.05172699837973854,1440.0,True,-0.041548194603606176,-0.04131406767647704,0.19677932404675158,eu_us_overlap,hyperliquid,ETH,2025-11-12 16:20:00+00:00
2025-11-12 19:30:00+00:00,3397.75,738556.0996301192,-0.0071909026336962785,middle,-0.007829852381517002,10.0,False,0.011674650550968033,-0.057356661555879616,1.0,us,hyperliquid,ETH,2025-11-12 19:40:00+00:00
2025-11-13 03:15:00+00:00,3429.0166666666664,1600917.6378401192,-0.04713810161098909,deleverage,-0.015626389505527943,10.0,False,0.0217600555134197,-0.06076710478441688,1.0,asia,hyperliquid,ETH,2025-11-13 03:25:00+00:00
2025-11-13 13:25:00+00:00,3491.233333333333,5485437.610300119,0.005431106394799558,churn,-0.027377094225961907,1440.0,True,-0.07574711675512745,-0.11870780217995185,0.0,eu_us_overlap,hyperliquid,ETH,2025-11-13 21:45:00+00:00
2025-11-14 04:35:00+00:00,3210.9666666666667,15779950.41348012,-0.04315677829375035,middle,-0.0310493913832464,145.0,False,-0.006096675094645652,-0.012414669330207354,0.8036459066332846,asia,hyperliquid,ETH,2025-11-14 04:45:00+00:00
2025-11-14 11:40:00+00:00,3153.5833333333335,5525849.948460119,-0.02407678401425151,middle,-0.02544587563671054,160.0,False,0.017123903480697308,0.0026179268948536565,1.0,eu,hyperliquid,ETH,2025-11-14 12:50:00+00:00
2025-11-14 17:50:00+00:00,3210.15,604322.6136001187,-0.007056815068410233,middle,-0.01686968665151777,90.0,False,-0.029013649243026934,0.001525244646060829,0.0,us,hyperliquid,ETH,2025-11-14 18:00:00+00:00
2025-11-14 20:40:00+00:00,3177.3666666666663,1571442.0896701189,-0.0019049263026094105,churn,-0.01621855828142329,80.0,False,0.0027291435333589506,-0.00024131907219751816,1.0,us,hyperliquid,ETH,2025-11-14 20:50:00+00:00
2025-11-14 23:05:00+00:00,3163.2999999999997,1507252.2677201186,-0.029869725654108645,middle,-0.022199516445608056,155.0,False,0.0022577471599649563,0.0017845162460002621,1.0,us,hyperliquid,ETH,2025-11-14 23:15:00+00:00
2025-11-16 13:45:00+00:00,3161.3999999999996,491393.42832011875,-0.004917179539866995,churn,-0.00655334255876775,15.0,False,-0.01908073950462219,-0.013230043718576162,0.0,eu_us_overlap,hyperliquid,ETH,2025-11-16 13:45:00+00:00
2025-11-16 15:50:00+00:00,3171.316666666667,6443171.402520118,-0.017780623703018375,middle,-0.03912002397889069,685.0,False,-0.0314437597224254,-0.013641144908418303,0.196223403661701,eu_us_overlap,hyperliquid,ETH,2025-11-16 18:55:00+00:00
2025-11-16 23:00:00+00:00,3084.633333333333,18470657.54956012,-0.019362950498088664,middle,-0.02132498195875303,0.0,False,0.03275705493328878,-0.019935012678325058,1.0,us,hyperliquid,ETH,2025-11-16 23:10:00+00:00
2025-11-17 13:50:00+00:00,3139.975,7496220.429800119,-0.0060332449681297405,middle,-0.012667575858484832,40.0,False,-0.051704461628385934,-0.030467661852647508,0.0,eu_us_overlap,hyperliquid,ETH,2025-11-17 20:10:00+00:00
2025-11-18 03:00:00+00:00,3022.3583333333336,8847375.526530119,-0.03172005125957798,middle,-0.023469840217059678,40.0,False,0.01405907611546535,0.03126658406278216,1.0,asia,hyperliquid,ETH,2025-11-18 03:10:00+00:00
2025-11-19 05:30:00+00:00,3038.6666666666665,1337902.8788201192,-0.036624973519702425,middle,-0.0145580670860247,60.0,False,0.017027311272659384,-0.0006968201690409637,1.0,asia,hyperliquid,ETH,2025-11-19 05:50:00+00:00
2025-11-19 15:35:00+00:00,3059.191666666666,61832689.02698012,-0.03459771535553199,middle,-0.05294010781344554,630.0,False,-0.023395861506719892,-0.022760282439361734,0.5580692508378705,eu_us_overlap,hyperliquid,ETH,2025-11-19 19:45:00+00:00
2025-11-20 14:00:00+00:00,3011.366666666667,13151244.13873012,0.002129707432027413,churn,-0.02412050012423854,1440.0,True,-0.05867799766742375,-0.09476461850727459,0.0,eu_us_overlap,hyperliquid,ETH,2025-11-20 19:10:00+00:00
2025-11-21 02:40:00+00:00,2837.6333333333337,9683924.60638012,-0.05026138067872816,deleverage,-0.019422922818674405,1440.0,True,-0.0403735111901152,-0.03349899833192802,0.0,asia,hyperliquid,ETH,2025-11-21 03:05:00+00:00
2025-11-21 07:15:00+00:00,2791.9666666666667,109263833.00322713,-0.10571238733583563,deleverage,-0.040425846919880604,590.0,False,-0.01487264418800169,-0.012548708430140864,0.6321006157897553,asia,hyperliquid,ETH,2025-11-21 10:10:00+00:00
2025-11-21 12:20:00+00:00,2681.183333333334,10717933.014820118,-0.06613509928431978,deleverage,-0.018647213462999072,15.0,False,0.01747544302898766,0.013803625578621227,1.0,eu,hyperliquid,ETH,2025-11-21 12:30:00+00:00
2025-11-21 18:10:00+00:00,2779.558333333333,1380113.4857301172,-0.04593240492231275,deleverage,-0.023297531040661977,35.0,False,-0.002163954065821856,-0.009873283210855108,0.9071165926533145,us,hyperliquid,ETH,2025-11-21 18:20:00+00:00
2025-11-21 20:25:00+00:00,2735.891666666667,1165363.0692101172,-0.0037968934339248704,churn,-0.009564120653606146,15.0,False,0.006760382191349444,0.006506215674603987,1.0,us,hyperliquid,ETH,2025-11-21 20:35:00+00:00
2025-11-25 08:55:00+00:00,2895.8333333333335,867135.5048401173,-0.003303155133673316,churn,-0.010338147051343645,95.0,False,-0.0059167500700429265,0.005412663203156613,0.42767789617831675,eu,hyperliquid,ETH,2025-11-25 08:55:00+00:00
2025-12-01 00:05:00+00:00,2994.3833333333337,16400582.543260116,-0.06956762588621652,deleverage,-0.055066813441972624,1440.0,True,-0.05778756703722965,-0.06806577118384421,0.0,asia,hyperliquid,ETH,2025-12-01 01:05:00+00:00
2025-12-01 04:10:00+00:00,2824.75,1632246.6865601172,-9.071795848887421e-05,churn,-0.0062857552747869385,50.0,False,0.005437002572541144,-0.00614326707435009,1.0,asia,hyperliquid,ETH,2025-12-01 04:20:00+00:00
2025-12-01 12:40:00+00:00,2819.25,2842760.5252901176,0.025708260536753964,churn,-0.007012202150740703,10.0,False,-0.03321378427900551,0.00042555455719602806,0.0,eu,hyperliquid,ETH,2025-12-01 12:55:00+00:00
2025-12-01 15:15:00+00:00,2813.183333333334,5898129.917550117,0.001923855864224997,churn,-0.033335616947712,415.0,False,-0.013503804769083139,0.05200368415606908,0.594913608760735,eu_us_overlap,hyperliquid,ETH,2025-12-01 15:50:00+00:00
2025-12-04 14:50:00+00:00,3177.941666666667,5380290.666280117,0.00943369742570564,churn,-0.011071863265208037,20.0,False,-0.012440941420980695,-0.02444457922363082,0.0,eu_us_overlap,hyperliquid,ETH,2025-12-04 15:00:00+00:00
2025-12-04 19:05:00+00:00,3139.866666666667,4712333.627880117,-0.010742708205963222,middle,-0.022942610701883873,105.0,False,0.004475299356383868,-0.04665196806850713,1.0,us,hyperliquid,ETH,2025-12-04 19:30:00+00:00
2025-12-05 13:40:00+00:00,3121.233333333333,941420.2429201173,0.00314932804406409,churn,-0.010915105078614633,80.0,False,-0.0310031310902345,-0.027242798125315878,0.0,eu_us_overlap,hyperliquid,ETH,2025-12-05 13:50:00+00:00
2025-12-05 16:00:00+00:00,3121.8666666666663,9839668.395160116,-0.06902389796814956,deleverage,-0.03790399264233436,1440.0,True,-0.03444992985822707,-0.024486960850124494,0.09112662132193161,eu_us_overlap,hyperliquid,ETH,2025-12-05 16:50:00+00:00
2025-12-05 19:00:00+00:00,3012.9833333333336,5389329.662120118,-0.042703429391091306,middle,-0.007941662496857578,15.0,False,0.003600125364892502,0.011013424117578755,1.0,us,hyperliquid,ETH,2025-12-05 19:10:00+00:00
2025-12-07 14:20:00+00:00,3026.9833333333336,46254187.34335012,-0.0491200156214738,deleverage,-0.03174532365558742,100.0,False,0.03792935054407824,0.03985180170455777,1.0,eu_us_overlap,hyperliquid,ETH,2025-12-07 14:35:00+00:00
2025-12-07 21:50:00+00:00,3114.1666666666665,9292795.240990115,0.02330938359263696,churn,-0.028868700571691497,220.0,False,-0.0008405993914743486,0.010821619820010809,0.9708819803168198,us,hyperliquid,ETH,2025-12-07 23:05:00+00:00
2025-12-09 21:45:00+00:00,3326.1499999999996,743574.3622301155,-0.05313072194260786,deleverage,-0.012250977507033094,25.0,False,-0.00415757170391109,0.00954496938778637,0.6606334717760853,us,hyperliquid,ETH,2025-12-09 21:55:00+00:00
2025-12-10 20:50:00+00:00,3397.733333333333,8900029.582680115,-0.006882013688250684,middle,-0.022677001184843993,1440.0,True,-0.05545227267436801,-0.05368060031215721,0.0,us,hyperliquid,ETH,2025-12-11 03:20:00+00:00
2025-12-11 14:30:00+00:00,3192.2833333333333,1529917.9479101156,-0.00572353501416219,middle,-0.013540356885649136,50.0,False,0.007697266481353336,0.014265739850472293,1.0,eu_us_overlap,hyperliquid,ETH,2025-12-11 15:05:00+00:00
2025-12-12 00:55:00+00:00,3231.7166666666667,478012.5302801155,-0.004735045663284992,churn,-0.012710463133002947,20.0,False,0.007439906483480312,-0.0453765040908192,1.0,asia,hyperliquid,ETH,2025-12-12 01:05:00+00:00
2025-12-12 15:15:00+00:00,3224.0,25013978.761450116,-0.016518383258844836,middle,-0.0542197349677232,1440.0,True,-0.04411979083542476,-0.03222908263126438,0.18627800630731406,eu_us_overlap,hyperliquid,ETH,2025-12-12 16:05:00+00:00
2025-12-14 11:40:00+00:00,3095.633333333333,3793037.283290115,-0.005936392537769996,middle,-0.011463227819469757,35.0,False,-0.0037488480475138843,0.017171812922337583,0.6729675003800726,eu,hyperliquid,ETH,2025-12-14 11:55:00+00:00
2025-12-14 22:35:00+00:00,3076.7666666666664,9355094.581620116,-0.02177756640536675,middle,-0.013717262130662782,85.0,False,0.013649206249262087,-0.045282623342800137,1.0,us,hyperliquid,ETH,2025-12-14 23:40:00+00:00
2025-12-15 14:45:00+00:00,3131.4500000000003,12678649.658020116,-0.010041126577366334,middle,-0.05261438907831294,1440.0,True,-0.06490796032351322,-0.0644991365379027,0.0,eu_us_overlap,hyperliquid,ETH,2025-12-15 18:45:00+00:00
2025-12-16 04:35:00+00:00,2924.616666666667,28081981.345610116,-0.02068906876047995,middle,-0.012304918908229007,35.0,False,0.0038676626700826474,0.0014805790628836114,1.0,asia,hyperliquid,ETH,2025-12-16 04:55:00+00:00
2025-12-16 14:00:00+00:00,2932.933333333333,354614.5081601155,0.00921873360786082,churn,-0.014417892050288254,20.0,False,0.004462230180739937,0.004428285849440038,1.0,eu_us_overlap,hyperliquid,ETH,2025-12-16 14:10:00+00:00
2025-12-17 14:45:00+00:00,2936.8916666666664,17680510.613150116,-0.04172880452006762,middle,-0.03560969723467855,1375.0,False,-0.03893190071792679,-0.0006272769150649183,0.0,eu_us_overlap,hyperliquid,ETH,2025-12-17 19:20:00+00:00
2025-12-17 23:30:00+00:00,2823.3333333333335,3453447.1761801154,-0.012401358652710947,middle,-0.0006672827961683669,0.0,False,0.0009263712578741432,0.0016338475427113274,1.0,us,hyperliquid,ETH,2025-12-17 23:40:00+00:00
2025-12-18 17:05:00+00:00,2943.566666666667,12211289.638100116,-0.02370704506098017,middle,-0.05023475062914314,830.0,False,-0.04017602000494072,0.014932067203420859,0.20023450894502814,us,hyperliquid,ETH,2025-12-18 20:00:00+00:00
2025-12-19 17:45:00+00:00,2973.391666666667,224233.9327801155,0.021520671457037895,churn,-0.011650901862693857,40.0,False,0.0028070999111990884,0.0011288247837050122,1.0,us,hyperliquid,ETH,2025-12-19 18:05:00+00:00
2025-12-21 13:50:00+00:00,2960.183333333334,65935.96317011549,-0.0015045890448314248,churn,-0.005057500210801553,10.0,False,0.010807828525499144,0.03108639307573311,1.0,eu_us_overlap,hyperliquid,ETH,2025-12-21 14:00:00+00:00
2025-12-22 02:05:00+00:00,3028.2000000000003,209696.7514801155,-0.002037569169429965,churn,-0.01324698797385994,80.0,False,-8.256070280373034e-05,-0.002529449581747679,0.9937675867928131,asia,hyperliquid,ETH,2025-12-22 02:15:00+00:00
2025-12-22 19:05:00+00:00,3021.641666666667,1989607.4662801155,-0.0015971105879921637,churn,-0.018670330365700694,310.0,False,0.0013917618227816688,-0.024724190846083717,1.0,us,hyperliquid,ETH,2025-12-22 20:25:00+00:00
2025-12-23 03:05:00+00:00,2993.3500000000004,96591.11552011549,-0.005936085752437069,middle,-0.005325932064158818,1440.0,True,-0.010579088454417275,-0.022944846554668347,0.0,asia,hyperliquid,ETH,2025-12-23 03:15:00+00:00
2025-12-23 05:30:00+00:00,2980.116666666667,439068.62466011546,-0.00015486384519874244,churn,-0.011531103908358176,910.0,False,-0.0037877771950791655,-0.016431156247823382,0.6715165152285514,asia,hyperliquid,ETH,2025-12-23 06:30:00+00:00
2025-12-23 13:35:00+00:00,2957.7999999999997,4551277.495130115,-0.005142896132618938,middle,-0.018098420669697326,160.0,False,-0.0069379344138432286,-0.010040773782684599,0.6166552573584723,eu_us_overlap,hyperliquid,ETH,2025-12-23 15:05:00+00:00
2025-12-24 05:45:00+00:00,2930.5,95497.76030011501,-0.004415698840432357,churn,-0.004531665230267241,5.0,False,-0.00029009496547386884,0.004171461376105995,0.9359849082548488,asia,hyperliquid,ETH,2025-12-24 05:55:00+00:00
2025-12-24 14:35:00+00:00,2929.5166666666664,1689051.911210115,-0.017948964116180976,middle,-0.012768128752620114,85.0,False,0.005254389791207168,-0.0009106898535387383,1.0,eu_us_overlap,hyperliquid,ETH,2025-12-24 14:45:00+00:00
2025-12-25 22:50:00+00:00,2934.883333333333,704131.6119801151,-0.015420976794824232,middle,-0.014944181266346647,200.0,False,0.012012088641225853,-0.0021602823589284446,1.0,us,hyperliquid,ETH,2025-12-26 00:35:00+00:00
2025-12-26 14:45:00+00:00,2973.116666666667,1264468.736470115,0.0007425758661578287,churn,-0.02629757613245275,1440.0,True,-0.013329317130411014,-0.014761957697450217,0.4931351443465599,eu_us_overlap,hyperliquid,ETH,2025-12-26 15:10:00+00:00
2025-12-29 09:35:00+00:00,3006.6499999999996,4602492.075680115,-0.02800853456666947,middle,-0.01687110282933218,1440.0,True,-0.023625133391379432,-0.010431214090730051,0.0,eu,hyperliquid,ETH,2025-12-29 12:25:00+00:00
2025-12-30 19:05:00+00:00,2969.766666666667,22090.47260011502,-0.009924299466781488,middle,-0.00686467402490657,20.0,False,-0.002534271601732742,0.003322457638686652,0.630824188805202,us,hyperliquid,ETH,2025-12-30 19:15:00+00:00
2025-12-31 16:25:00+00:00,2987.2666666666664,45504.02120011502,0.01633036923860276,churn,-0.008173417339622157,105.0,False,-0.0011108848306453695,,0.8640856346267615,eu_us_overlap,hyperliquid,ETH,2025-12-31 16:50:00+00:00
