asset,start,end,hours,log_range_pct
BTC,2025-08-16 12:05:00+00:00,2025-08-17 04:05:00+00:00,16.0,0.5575811231416754
BTC,2025-08-23 15:15:00+00:00,2025-08-24 05:20:00+00:00,14.083333333333334,0.8039594598024933
BTC,2025-08-31 02:00:00+00:00,2025-08-31 14:05:00+00:00,12.083333333333334,1.134882566378881
BTC,2025-09-05 21:05:00+00:00,2025-09-06 15:50:00+00:00,18.75,1.0122310252388278
BTC,2025-09-06 19:55:00+00:00,2025-09-07 08:25:00+00:00,12.5,1.1484452831599472
BTC,2025-09-27 05:50:00+00:00,2025-09-27 20:45:00+00:00,14.916666666666666,0.48205427949852997
BTC,2025-10-03 18:10:00+00:00,2025-10-04 10:40:00+00:00,16.5,1.0208006520465611
BTC,2025-10-18 20:35:00+00:00,2025-10-19 08:50:00+00:00,12.25,0.9797617749879722
BTC,2025-11-01 04:10:00+00:00,2025-11-02 04:55:00+00:00,24.75,0.9197302033784374
BTC,2025-12-13 12:45:00+00:00,2025-12-14 11:00:00+00:00,22.25,0.7459200646226463
BTC,2025-12-20 08:40:00+00:00,2025-12-20 23:35:00+00:00,14.916666666666666,0.46731442125205946
BTC,2025-12-25 02:00:00+00:00,2025-12-25 15:25:00+00:00,13.416666666666666,1.0019729631942083
BTC,2025-12-27 23:55:00+00:00,2025-12-28 14:40:00+00:00,14.75,0.4738616559177654
BTC,2025-12-30 20:55:00+00:00,2025-12-31 11:30:00+00:00,14.583333333333334,1.2196721900942964
ETH,2025-09-05 21:15:00+00:00,2025-09-06 16:05:00+00:00,18.833333333333332,1.619181103707625
ETH,2025-09-07 05:45:00+00:00,2025-09-07 23:00:00+00:00,17.25,1.125099219726221
ETH,2025-09-15 17:25:00+00:00,2025-09-16 13:40:00+00:00,20.25,1.735753419121893
ETH,2025-09-20 02:35:00+00:00,2025-09-20 17:00:00+00:00,14.416666666666666,1.153026891303522
ETH,2025-09-27 09:15:00+00:00,2025-09-27 22:25:00+00:00,13.166666666666666,1.5034685007269193
ETH,2025-10-10 01:30:00+00:00,2025-10-10 13:35:00+00:00,12.083333333333334,1.8397395322804009
ETH,2025-10-18 07:10:00+00:00,2025-10-19 03:55:00+00:00,20.75,1.8195890123433103
ETH,2025-10-25 20:30:00+00:00,2025-10-26 08:45:00+00:00,12.25,1.044462107969739
ETH,2025-11-01 03:30:00+00:00,2025-11-01 16:05:00+00:00,12.583333333333334,1.2463712553481534
ETH,2025-11-01 16:10:00+00:00,2025-11-02 04:55:00+00:00,12.75,1.2510620731489186
ETH,2025-11-27 14:20:00+00:00,2025-11-28 02:30:00+00:00,12.166666666666666,1.8844382797599222
ETH,2025-11-28 18:05:00+00:00,2025-11-29 06:30:00+00:00,12.416666666666666,1.5492176615771047
ETH,2025-12-05 20:00:00+00:00,2025-12-06 14:15:00+00:00,18.25,1.6913234501512435
ETH,2025-12-09 22:00:00+00:00,2025-12-10 10:00:00+00:00,12.0,2.354639905744595
ETH,2025-12-12 17:20:00+00:00,2025-12-13 08:20:00+00:00,15.0,2.1281521353170914
ETH,2025-12-13 12:45:00+00:00,2025-12-14 10:10:00+00:00,21.416666666666668,1.4184863121751905
ETH,2025-12-19 18:00:00+00:00,2025-12-20 08:20:00+00:00,14.333333333333334,2.040990271423622
ETH,2025-12-20 08:40:00+00:00,2025-12-21 09:50:00+00:00,25.166666666666668,1.4146356619980813
ETH,2025-12-24 22:40:00+00:00,2025-12-25 15:40:00+00:00,17.0,1.6240313357214022
ETH,2025-12-26 15:20:00+00:00,2025-12-27 09:40:00+00:00,18.333333333333332,1.0661063542205556
ETH,2025-12-27 23:50:00+00:00,2025-12-28 17:15:00+00:00,17.416666666666668,0.9411914131831262
ETH,2025-12-29 14:40:00+00:00,2025-12-30 08:00:00+00:00,17.333333333333332,1.875086782306969
